nation,corps,corps_commander,division,division_commander,brigade,brigade_commander,unit,notes,arm,class,type_code,ff,count,count_unit,points,status,status_code,original_name,source_row
British,I Corps,L.G. Sir John Moore,1st Division,L.G. Lord Edward Paget,1st Brigade,M.G. Peregrine Maitland,1/1st Foot Guards,,Infantry,Heavy,h,8,1,Battalions,44,Painted,p,1/1st Foot Guards,16
British,I Corps,L.G. Sir John Moore,1st Division,L.G. Lord Edward Paget,1st Brigade,M.G. Peregrine Maitland,"1/2nd Foot Guards ""Coldstream""",,Infantry,Heavy,h,8,1,Battalions,44,Painted,p,"1/2nd Foot Guards ""Coldstream""",17
British,I Corps,L.G. Sir John Moore,1st Division,L.G. Lord Edward Paget,2nd Brigade,M.G. Hon. Edward Stopford,3/1st Foot Guards,sub in V,Infantry,Heavy,h,8,1,Battalions,42,Painted,p,3/1st Foot Guards (sub in V),19
British,I Corps,L.G. Sir John Moore,1st Division,L.G. Lord Edward Paget,2nd Brigade,M.G. Hon. Edward Stopford,1/3rd Foot Guards,,Infantry,Heavy,h,8,1,Battalions,42,Painted,p,1/3rd Foot Guards,20
British,I Corps,L.G. Sir John Moore,1st Division,L.G. Lord Edward Paget,3rd Brigade,M.G. von Lowe,1st Batt. K.G.L.,was dad's 25th,Infantry,Heavy,h,6,1,Battalions,34,Painted,p,1st Batt. K.G.L. (was dad's 25th),22
British,I Corps,L.G. Sir John Moore,1st Division,L.G. Lord Edward Paget,3rd Brigade,M.G. von Lowe,2nd Batt. K.G.L.,was dad's 8th KGL,Infantry,Heavy,h,6,1,Battalions,34,Painted,p,2nd Batt. K.G.L. (was dad's 8th KGL),23
British,I Corps,L.G. Sir John Moore,1st Division,L.G. Lord Edward Paget,3rd Brigade,M.G. von Lowe,4th Batt. K.G.L.,,Infantry,Heavy,h,6,1,Battalions,24,Painted,p,4th Batt. K.G.L.,24
British,I Corps,L.G. Sir John Moore,1st Division,L.G. Lord Edward Paget,3rd Brigade,M.G. von Lowe,1st Light Batt. K.G.L.,,Infantry,Light,r,6,1,Battalions,9,Painted,p,1st Light Batt. K.G.L.,25
British,I Corps,L.G. Sir John Moore,1st Division,L.G. Lord Edward Paget,3rd Brigade,M.G. von Lowe,2nd Light Batt. K.G.L.,,Infantry,Light,s,6,1,Battalions,19,Painted,p,2nd Light Batt. K.G.L.,26
British,I Corps,L.G. Sir John Moore,1st Division,L.G. Lord Edward Paget,3rd Brigade,M.G. von Lowe,R.A. Battery A,,Artillery,,,7,3,Guns,9,Substitute,s,R.A. Battery A,27
British,I Corps,L.G. Sir John Moore,1st Division,L.G. Lord Edward Paget,3rd Brigade,M.G. von Lowe,K.G.L. Horse Troop,,Artillery,,,7,3,Guns,9,Substitute,s,K.G.L. Horse Troop,28
British,I Corps,L.G. Sir John Moore,5th Division,L.G. Sir James Leith,12th Brigade,M.G. Frederick Robinson,"1st Regt. ""Royal Scots""",sub in II,Infantry,Heavy,h,6,1,Battalions,34,Painted,p,"1st Regt. ""Royal Scots"" (sub in II)",34
British,I Corps,L.G. Sir John Moore,5th Division,L.G. Sir James Leith,12th Brigade,M.G. Frederick Robinson,"4th Regt. ""King's Own""",sub in II,Infantry,Heavy,h,6,1,Battalions,24,Painted,p,"4th Regt. ""King's Own"" (sub in II)",35
British,I Corps,L.G. Sir John Moore,5th Division,L.G. Sir James Leith,12th Brigade,M.G. Frederick Robinson,44th Regt. East Essex,"sub: 45th Regt., from II",Infantry,Heavy,h,5,1,Battalions,34,Substitute,s,"44th Regt. East Essex (sub: 45th Regt., from II)",36
British,I Corps,L.G. Sir John Moore,5th Division,L.G. Sir James Leith,13th Brigade,M.G. Sir James Kempt,"72nd Regt. ""Seaforth Highlanders""",,Infantry,Heavy,h,5,1,Battalions,34,Painted,p,"72nd Regt. ""Seaforth Highlanders""",38
British,I Corps,L.G. Sir John Moore,5th Division,L.G. Sir James Leith,13th Brigade,M.G. Sir James Kempt,90th Regt. Perthshire Volunteers,,Infantry,Light,l,6,1,Battalions,25,Painted,p,90th Regt. Perthshire Volunteers,39
British,I Corps,L.G. Sir John Moore,5th Division,L.G. Sir James Leith,13th Brigade,M.G. Sir James Kempt,"93rd Regt. ""Sutherland Highlanders""",,Infantry,Heavy,h,6,1,Battalions,34,Painted,p,"93rd Regt. ""Sutherland Highlanders""",40
British,I Corps,L.G. Sir John Moore,5th Division,L.G. Sir James Leith,3rd Portuguese Brigade,M.G. William Spry,3rd Regt. 1st Olivenca,sub in IV,Infantry,Heavy,h,4,2,Battalions,46,Painted,p,3rd Regt. 1st Olivenca (sub in IV),42
British,I Corps,L.G. Sir John Moore,5th Division,L.G. Sir James Leith,3rd Portuguese Brigade,M.G. William Spry,15th Regt. 2nd Olivenca,sub in IV,Infantry,Heavy,h,4,2,Battalions,46,Painted,p,15th Regt. 2nd Olivenca (sub in IV),43
British,I Corps,L.G. Sir John Moore,5th Division,L.G. Sir James Leith,3rd Portuguese Brigade,M.G. William Spry,R.A. Battery J,,Artillery,,,7,3,Guns,9,Substitute,s,R.A. Battery J,44
British,I Corps,L.G. Sir John Moore,5th Division,L.G. Sir James Leith,3rd Portuguese Brigade,M.G. William Spry,R.A. Battery K,,Artillery,,,7,3,Guns,9,Substitute,s,R.A. Battery K,45
British,I Corps,L.G. Sir John Moore,7th Division,L.G. Carlos Le Cor,16th Brigade,M.G. Sir William Inglis,51st Regt. 2nd Yorkshire West Riding Light Infantry,,Infantry,Light,l,6,1,Battalions,23,Painted,p,51st Regt. 2nd Yorkshire West Riding Light Infantry,51
British,I Corps,L.G. Sir John Moore,7th Division,L.G. Carlos Le Cor,16th Brigade,M.G. Sir William Inglis,68th Regt. Durham Light Infantry,"sub: 43rd Regt., from II",Infantry,Light,l,6,1,Battalions,33,Substitute,s,"68th Regt. Durham Light Infantry (sub: 43rd Regt., from II)",52
British,I Corps,L.G. Sir John Moore,7th Division,L.G. Carlos Le Cor,16th Brigade,M.G. Sir William Inglis,"82nd Regt., Prince of Wales Volunteers","sub: 2nd, from IV",Infantry,Heavy,h,5,1,Battalions,34,Substitute,s,"82nd Regt., Prince of Wales Volunteers (sub: 2nd, from IV)",53
British,I Corps,L.G. Sir John Moore,7th Division,L.G. Carlos Le Cor,16th Brigade,M.G. Sir William Inglis,3/95th Regt.,"sub 1/95th, from II",Infantry,Light,r,7,1,Battalions,21,Substitute,s,"3/95th Regt. (sub 1/95th, from II)",54
British,I Corps,L.G. Sir John Moore,7th Division,L.G. Carlos Le Cor,17th Brigade,M.G. Sir George Walker,Brun. Grey Hunters,,Infantry,Light,r,5,1,Battalions,16,Painted,p,Brun. Grey Hunters,56
British,I Corps,L.G. Sir John Moore,7th Division,L.G. Carlos Le Cor,17th Brigade,M.G. Sir George Walker,Brun. 2nd Light Battalion,,Infantry,Light,l,4,1,Battalions,17,Unpainted,u,Brun. 2nd Light Battalion,57
British,I Corps,L.G. Sir John Moore,7th Division,L.G. Carlos Le Cor,17th Brigade,M.G. Sir George Walker,Port. 2nd Cacadores Regt.,"sub: Po. 1st Cac., from II",Infantry,Light,s,4,1,Battalions,21,Substitute,s,"Port. 2nd Cacadores Regt. (sub: Po. 1st Cac., from II)",58
British,I Corps,L.G. Sir John Moore,7th Division,L.G. Carlos Le Cor,17th Brigade,M.G. Sir George Walker,Port. 4th Cacadores Regt.,"sub: Po. 3rd Cac., from II",Infantry,Light,s,4,1,Battalions,21,Substitute,s,"Port. 4th Cacadores Regt. (sub: Po. 3rd Cac., from II)",59
British,I Corps,L.G. Sir John Moore,7th Division,L.G. Carlos Le Cor,17th Brigade,M.G. Sir George Walker,R.H.A. Troop F,Ramsey's,Artillery,,,7,3,Guns,9,Substitute,s,R.H.A. Troop F  (Ramsey's),60
British,I Corps,L.G. Sir John Moore,1st Cavalry Division,L.G. the Earl of Uxbridge,Household Cav. Brigade,M.G. Lord Edward Somerset,1st Life Guards,,Cavalry,Heavy,h,8,3,Squadrons,19,Painted,p,1st Life Guards,67
British,I Corps,L.G. Sir John Moore,1st Cavalry Division,L.G. the Earl of Uxbridge,Household Cav. Brigade,M.G. Lord Edward Somerset,2nd Life Guards,,Cavalry,Heavy,h,8,3,Squadrons,19,Painted,p,2nd Life Guards,68
British,I Corps,L.G. Sir John Moore,1st Cavalry Division,L.G. the Earl of Uxbridge,Household Cav. Brigade,M.G. Lord Edward Somerset,"Royal Horse Guards ""Blues""",,Cavalry,Heavy,h,8,3,Squadrons,19,Painted,p,"Royal Horse Guards ""Blues""",69
British,I Corps,L.G. Sir John Moore,1st Cavalry Division,L.G. the Earl of Uxbridge,2nd Cav. Brigade,M.G. Sir Henry Fane,"1st ""King's"" Dragoon Guards",sub in II,Cavalry,Medium,m,7,3,Squadrons,19,Painted,p,"1st ""King's"" Dragoon Guards (sub in II)",71
British,I Corps,L.G. Sir John Moore,1st Cavalry Division,L.G. the Earl of Uxbridge,2nd Cav. Brigade,M.G. Sir Henry Fane,"3rd ""Prince of Wales"" Dragoon Guards",sub in II,Cavalry,Medium,m,7,3,Squadrons,19,Painted,p,"3rd ""Prince of Wales"" Dragoon Guards (sub in II)",72
British,I Corps,L.G. Sir John Moore,1st Cavalry Division,L.G. the Earl of Uxbridge,2nd Cav. Brigade,M.G. Sir Henry Fane,"5th ""Princess Charlotte of Wales"" Dragoon Guards",sub in II,Cavalry,Medium,m,7,3,Squadrons,19,Painted,p,"5th ""Princess Charlotte of Wales"" Dragoon Guards (sub in II)",73
British,I Corps,L.G. Sir John Moore,6th Cavalry Division,L.G. Sir William Lumley,7th Cav. Brigade,M.G. Sir Colquhoun Grant,"10th ""Prince of Wales"" Hussars","sub: 3rd KGL Hus, from II",Cavalry,Light,l,6,4,Squadrons,25,Substitute,s,"10th ""Prince of Wales"" Hussars (sub: 3rd KGL Hus, from II)",76
British,I Corps,L.G. Sir John Moore,6th Cavalry Division,L.G. Sir William Lumley,7th Cav. Brigade,M.G. Sir Colquhoun Grant,"15th ""King's Own"" Hussars",,Cavalry,Light,l,6,3,Squadrons,19,Painted,p,"15th ""King's Own"" Hussars",77
British,I Corps,L.G. Sir John Moore,6th Cavalry Division,L.G. Sir William Lumley,7th Cav. Brigade,M.G. Sir Colquhoun Grant,"18th ""King's Irish"" Hussars",,Cavalry,Light,l,6,4,Squadrons,25,Painted,p,"18th ""King's Irish"" Hussars",78
British,I Corps,L.G. Sir John Moore,6th Cavalry Division,L.G. Sir William Lumley,10th Cav. Brigade,M.G. Sir William de Dornberg,1st Light Dragoons K.G.L.,sub in II,Cavalry,Light,l,7,4,Squadrons,25,Painted,p,1st Light Dragoons K.G.L. (sub in II),80
British,I Corps,L.G. Sir John Moore,6th Cavalry Division,L.G. Sir William Lumley,10th Cav. Brigade,M.G. Sir William de Dornberg,2nd Light Dragoons K.G.L.,sub in Can,Cavalry,Light,l,7,4,Squadrons,25,Painted,p,2nd Light Dragoons K.G.L. (sub in Can),81
British,I Corps,L.G. Sir John Moore,6th Cavalry Division,L.G. Sir William Lumley,10th Cav. Brigade,M.G. Sir William de Dornberg,RHA Troop A,Mercer's,Artillery,,,7,3,Guns,9,Substitute,s,RHA Troop A (Mercer's),82
British,I Corps,L.G. Sir John Moore,6th Cavalry Division,L.G. Sir William Lumley,10th Cav. Brigade,M.G. Sir William de Dornberg,RHA Troop B,Whinyate's,Artillery,,,7,3,Guns,9,Substitute,s,RHA Troop B (Whinyate's),83
British,I Corps,L.G. Sir John Moore,6th Cavalry Division,L.G. Sir William Lumley,10th Cav. Brigade,M.G. Sir William de Dornberg,RHA Troop C,Smith's,Artillery,,,7,3,Guns,9,Substitute,s,RHA Troop C  (Smith's),84
British,I Corps,L.G. Sir John Moore,6th Cavalry Division,L.G. Sir William Lumley,10th Cav. Brigade,M.G. Sir William de Dornberg,Rocket Troop,,Artillery,,,7,0,Guns,6,Substitute,s,Rocket Troop,85
British,II Corps,L.G. Sir Thomas Graham,3rd Division,L.G. Sir Thomas Picton,7th Brigade,M.G. Henry Mackinnon,45th Regt. Nottinghamshire,sub in I,Infantry,Heavy,h,7,1,Battalions,34,Painted,p,45th Regt. Nottinghamshire (sub in I),103
British,II Corps,L.G. Sir Thomas Graham,3rd Division,L.G. Sir Thomas Picton,7th Brigade,M.G. Henry Mackinnon,"74th Regt. ""Highland""",was dad's 91st,Infantry,Heavy,h,6,1,Battalions,34,Painted,p,"74th Regt. ""Highland"" (was dad's 91st)",104
British,II Corps,L.G. Sir Thomas Graham,3rd Division,L.G. Sir Thomas Picton,7th Brigade,M.G. Henry Mackinnon,88th Regt. Connaught Rangers,was dad's 26th,Infantry,Heavy,h,7,1,Battalions,34,Painted,p,88th Regt. Connaught Rangers (was dad's 26th),105
British,II Corps,L.G. Sir Thomas Graham,3rd Division,L.G. Sir Thomas Picton,8th Brigade,M.G. Sir Charles Colville,5th Regt. Northumberland,"sub: 1st Regt., from I",Infantry,Heavy,h,6,1,Battalions,34,Substitute,s,"5th Regt. Northumberland (sub: 1st Regt., from I)",107
British,II Corps,L.G. Sir Thomas Graham,3rd Division,L.G. Sir Thomas Picton,8th Brigade,M.G. Sir Charles Colville,"2/87th Regt. ""Prince of Wale's Own Irish""","sub: 4th Regt., from I",Infantry,Heavy,h,5,1,Battalions,24,Substitute,s,"2/87th Regt. ""Prince of Wale's Own Irish"" (sub: 4th Regt., from I)",108
British,II Corps,L.G. Sir Thomas Graham,3rd Division,L.G. Sir Thomas Picton,8th Brigade,M.G. Sir Charles Colville,94th Regt. Highland Brigade,was dad's 73rd,Infantry,Heavy,h,6,1,Battalions,34,Painted,p,94th Regt. Highland Brigade (was dad's 73rd),109
British,II Corps,L.G. Sir Thomas Graham,3rd Division,L.G. Sir Thomas Picton,8th Brigade,M.G. Sir Charles Colville,5/60th Regt. Royal American,sub in V,Infantry,Light,r,6,1,Battalions,21,Painted,p,5/60th Regt. Royal American (sub in V),110
British,II Corps,L.G. Sir Thomas Graham,3rd Division,L.G. Sir Thomas Picton,1st Portuguese Brigade,M.G. Manley Powers,9th Regt. Viana,sub in III,Infantry,Heavy,h,4,2,Battalions,46,Painted,p,9th Regt. Viana (sub in III),112
British,II Corps,L.G. Sir Thomas Graham,3rd Division,L.G. Sir Thomas Picton,1st Portuguese Brigade,M.G. Manley Powers,21st Regt. Valencia,sub in III,Infantry,Heavy,h,4,2,Battalions,52,Painted,p,21st Regt. Valencia (sub in III),113
British,II Corps,L.G. Sir Thomas Graham,3rd Division,L.G. Sir Thomas Picton,1st Portuguese Brigade,M.G. Manley Powers,R.A. Battery E,,Artillery,,,7,3,Guns,9,Substitute,s,R.A. Battery E,114
British,II Corps,L.G. Sir Thomas Graham,3rd Division,L.G. Sir Thomas Picton,1st Portuguese Brigade,M.G. Manley Powers,R.A. Battery F,,Artillery,,,7,3,Guns,9,Substitute,s,R.A. Battery F,115
British,II Corps,L.G. Sir Thomas Graham,3rd Division,L.G. Sir Thomas Picton,1st Portuguese Brigade,M.G. Manley Powers,R.A. Battery G,,Artillery,,,7,3,Guns,9,Substitute,s,R.A. Battery G,116
British,II Corps,L.G. Sir Thomas Graham,Light Division,L.G. Robert Craufurd,1st Light Brigade,M.G. Andrew Barnard,43rd Regt. Monmouthshire Light Infantry,sub in I,Infantry,Light,s,7,1,Battalions,33,Painted,p,43rd Regt. Monmouthshire Light Infantry (sub in I),122
British,II Corps,L.G. Sir Thomas Graham,Light Division,L.G. Robert Craufurd,1st Light Brigade,M.G. Andrew Barnard,1/95th Rifle Brigade,sub in I,Infantry,Light,r,7,1,Battalions,21,Painted,p,1/95th Rifle Brigade (sub in I),123
British,II Corps,L.G. Sir Thomas Graham,Light Division,L.G. Robert Craufurd,1st Light Brigade,M.G. Andrew Barnard,Port. 1st Cacadores Regt.,sub in I,Infantry,Light,r,5,1,Battalions,21,Painted,p,Port. 1st Cacadores Regt. (sub in I),124
British,II Corps,L.G. Sir Thomas Graham,Light Division,L.G. Robert Craufurd,2nd Light Brigade,M.G. Sir Thomas Beckwith,52nd Regt. Oxfordshire Light Infantry,,Infantry,Light,s,7,1,Battalions,33,Painted,p,52nd Regt. Oxfordshire Light Infantry,126
British,II Corps,L.G. Sir Thomas Graham,Light Division,L.G. Robert Craufurd,2nd Light Brigade,M.G. Sir Thomas Beckwith,2/95th Rifle Brigade,,Infantry,Light,r,7,1,Battalions,21,Painted,p,2/95th Rifle Brigade,127
British,II Corps,L.G. Sir Thomas Graham,Light Division,L.G. Robert Craufurd,2nd Light Brigade,M.G. Sir Thomas Beckwith,Port. 3rd Cacadores Regt.,sub in I,Infantry,Light,r,5,1,Battalions,21,Painted,p,Port. 3rd Cacadores Regt. (sub in I),128
British,II Corps,L.G. Sir Thomas Graham,Light Division,L.G. Robert Craufurd,2nd Light Brigade,M.G. Sir Thomas Beckwith,R.H.A. Troop,,Artillery,,,7,3,Guns,9,Substitute,s,R.H.A. Troop,129
British,II Corps,L.G. Sir Thomas Graham,1st Spanish Division,L.G. Don Jose Zayas,1st Spanish Brigade,Gen. Don Ramon Polo,1st Walloon Guards,,Infantry,Heavy,h,5,2,Battalions,44,Unpainted,u,1st Walloon Guards,135
British,II Corps,L.G. Sir Thomas Graham,1st Spanish Division,L.G. Don Jose Zayas,1st Spanish Brigade,Gen. Don Ramon Polo,Irlanda Regt.,,Infantry,Heavy,h,4,1,Battalions,18,Painted,p,Irlanda Regt.,136
British,II Corps,L.G. Sir Thomas Graham,1st Spanish Division,L.G. Don Jose Zayas,1st Spanish Brigade,Gen. Don Ramon Polo,Murcia Regt.,,Infantry,Heavy,h,3,1,Battalions,18,Painted,p,Murcia Regt.,137
British,II Corps,L.G. Sir Thomas Graham,1st Spanish Division,L.G. Don Jose Zayas,2nd Spanish Brigade,Gen. Marquis de la Rocca,Corona Regt.,,Infantry,Heavy,h,2,1,Battalions,22,Painted,p,Corona Regt.,139
British,II Corps,L.G. Sir Thomas Graham,1st Spanish Division,L.G. Don Jose Zayas,2nd Spanish Brigade,Gen. Marquis de la Rocca,Zamora Regt.,,Infantry,Heavy,h,2,1,Battalions,22,Painted,p,Zamora Regt.,140
British,II Corps,L.G. Sir Thomas Graham,1st Spanish Division,L.G. Don Jose Zayas,2nd Spanish Brigade,Gen. Marquis de la Rocca,Valencia Light,,Infantry,Light,l,4,2,Battalions,42,Painted,p,Valencia Light,141
British,II Corps,L.G. Sir Thomas Graham,1st Spanish Division,L.G. Don Jose Zayas,2nd Spanish Brigade,Gen. Marquis de la Rocca,Spanish Battery A,12 pdrs.,Artillery,,,4,4,Guns,12,Substitute,s,Spanish Battery A (12 pdrs.),142
British,II Corps,L.G. Sir Thomas Graham,2nd Cavalry Division,M.G. Sir John G. LeMarchant,3rd Cav. Brigade,M.G. Clifton Manners,"6th Dragoon Guards ""Carabiniers""","sub: 3rd Dragoon Gd., from I",Cavalry,Medium,m,7,3,Squadrons,19,Substitute,s,"6th Dragoon Guards ""Carabiniers"" (sub: 3rd Dragoon Gd., from I)",149
British,II Corps,L.G. Sir Thomas Graham,2nd Cavalry Division,M.G. Sir John G. LeMarchant,3rd Cav. Brigade,M.G. Clifton Manners,3rd Dragoons,"sub: 1st Dragoon Gd., from I",Cavalry,Medium,m,7,3,Squadrons,19,Substitute,s,"3rd Dragoons (sub: 1st Dragoon Gd., from I)",150
British,II Corps,L.G. Sir Thomas Graham,2nd Cavalry Division,M.G. Sir John G. LeMarchant,3rd Cav. Brigade,M.G. Clifton Manners,4th Dragoons,"sub: 5th Dragoon Gd., from I",Cavalry,Medium,m,7,3,Squadrons,19,Substitute,s,"4th Dragoons (sub: 5th Dragoon Gd., from I)",151
British,II Corps,L.G. Sir Thomas Graham,2nd Cavalry Division,M.G. Sir John G. LeMarchant,6th Cav. Brigade,M.G. Sir Frederick von Arenschildt,1st Hussars K.G.L.,,Cavalry,Light,l,7,4,Squadrons,25,Painted,p,1st Hussars K.G.L.,153
British,II Corps,L.G. Sir Thomas Graham,2nd Cavalry Division,M.G. Sir John G. LeMarchant,6th Cav. Brigade,M.G. Sir Frederick von Arenschildt,3rd Hussars K.G.L.,sub in I,Cavalry,Light,l,7,4,Squadrons,25,Painted,p,3rd Hussars K.G.L. (sub in I),154
British,II Corps,L.G. Sir Thomas Graham,2nd Cavalry Division,M.G. Sir John G. LeMarchant,6th Cav. Brigade,M.G. Sir Frederick von Arenschildt,20th Light Dragoons,sub: 1st KGL from I,Cavalry,Light,l,6,4,Squadrons,25,Substitute,s,20th Light Dragoons (sub: 1st KGL from I),155
British,II Corps,L.G. Sir Thomas Graham,2nd Cavalry Division,M.G. Sir John G. LeMarchant,6th Cav. Brigade,M.G. Sir Frederick von Arenschildt,RHA Troop E,,Artillery,,,7,3,Guns,7,Substitute,s,RHA Troop E,156
British,II Corps,L.G. Sir Thomas Graham,2nd Cavalry Division,M.G. Sir John G. LeMarchant,6th Cav. Brigade,M.G. Sir Frederick von Arenschildt,KGL Horse Troop,,Artillery,,,7,3,Guns,7,Substitute,s,KGL Horse Troop,157
British,III Corps,L.G. Sir William Carr Beresford,4th Division,L.G. Sir Lowry Cole,9th Brigade,M.G. Robert Ross,7th Regt. Royal Fusiliers,,Infantry,Heavy,h,7,1,Battalions,34,Painted,p,7th Regt. Royal Fusiliers,175
British,III Corps,L.G. Sir William Carr Beresford,4th Division,L.G. Sir Lowry Cole,9th Brigade,M.G. Robert Ross,"21st Regt. Royal North British ""Scots"" Fusiliers",,Infantry,Heavy,h,6,1,Battalions,34,Painted,p,"21st Regt. Royal North British ""Scots"" Fusiliers",176
British,III Corps,L.G. Sir William Carr Beresford,4th Division,L.G. Sir Lowry Cole,9th Brigade,M.G. Robert Ross,23rd Regt. Royal Welch Fusiliers,,Infantry,Heavy,h,7,1,Battalions,34,Painted,p,23rd Regt. Royal Welch Fusiliers,177
British,III Corps,L.G. Sir William Carr Beresford,4th Division,L.G. Sir Lowry Cole,10th Brigade,M.G. Sir William Anson,27th Regt. Inniskilling,sub in IV,Infantry,Heavy,h,6,1,Battalions,23,Painted,p,27th Regt. Inniskilling (sub in IV),179
British,III Corps,L.G. Sir William Carr Beresford,4th Division,L.G. Sir Lowry Cole,10th Brigade,M.G. Sir William Anson,40th Regt. 2nd Somersetshire,"sub: 3rd Regt., from IV",Infantry,Heavy,h,6,1,Battalions,34,Substitute,s,"40th Regt. 2nd Somersetshire (sub: 3rd Regt., from IV)",180
British,III Corps,L.G. Sir William Carr Beresford,4th Division,L.G. Sir Lowry Cole,10th Brigade,M.G. Sir William Anson,48th Regt. Northamptonshire,"sub: 29th Regt., from IV",Infantry,Heavy,h,6,1,Battalions,24,Substitute,s,"48th Regt. Northamptonshire (sub: 29th Regt., from IV)",181
British,III Corps,L.G. Sir William Carr Beresford,4th Division,L.G. Sir Lowry Cole,10th Brigade,M.G. Sir William Anson,"85th Regt. ""Bucks Volunteer Light Infantry""",,Infantry,Light,l,6,1,Battalions,25,Painted,p,"85th Regt. ""Bucks Volunteer Light Infantry""",182
British,III Corps,L.G. Sir William Carr Beresford,4th Division,L.G. Sir Lowry Cole,11th Brigade,M.G. Sir,6th Batt. KGL,,Infantry,Heavy,h,5,1,Battalions,24,Painted,p,6th Batt. KGL,184
British,III Corps,L.G. Sir William Carr Beresford,4th Division,L.G. Sir Lowry Cole,11th Brigade,M.G. Sir,7th Batt. KGL,,Infantry,Heavy,h,5,1,Battalions,24,Painted,p,7th Batt. KGL,185
British,III Corps,L.G. Sir William Carr Beresford,4th Division,L.G. Sir Lowry Cole,11th Brigade,M.G. Sir,8th Batt. KGL,,Infantry,Heavy,h,5,1,Battalions,24,Painted,p,8th Batt. KGL,186
British,III Corps,L.G. Sir William Carr Beresford,4th Division,L.G. Sir Lowry Cole,2nd Portuguese Brigade,M.G. Jose Vasconcellos,11th Regt. 1st Almeida,"sub: Po 9th Line, from II",Infantry,Heavy,h,4,2,Battalions,46,Substitute,s,"11th Regt. 1st Almeida (sub: Po 9th Line, from II)",188
British,III Corps,L.G. Sir William Carr Beresford,4th Division,L.G. Sir Lowry Cole,2nd Portuguese Brigade,M.G. Jose Vasconcellos,23th Regt. 2nd Almeida,"sub: Po 21st Line, from II",Infantry,Heavy,h,4,2,Battalions,52,Substitute,s,"23th Regt. 2nd Almeida (sub: Po 21st Line, from II)",189
British,III Corps,L.G. Sir William Carr Beresford,4th Division,L.G. Sir Lowry Cole,2nd Portuguese Brigade,M.G. Jose Vasconcellos,R.A. Battery H,,Artillery,,,7,3,Guns,9,Substitute,s,R.A. Battery H,190
British,III Corps,L.G. Sir William Carr Beresford,4th Division,L.G. Sir Lowry Cole,2nd Portuguese Brigade,M.G. Jose Vasconcellos,R.A. Battery I,,Artillery,,,7,3,Guns,9,Substitute,s,R.A. Battery I,191
British,III Corps,L.G. Sir William Carr Beresford,4th Division,L.G. Sir Lowry Cole,2nd Portuguese Brigade,M.G. Jose Vasconcellos,R.A. Battery J,,Artillery,,,7,3,Guns,9,Substitute,s,R.A. Battery J,192
British,III Corps,L.G. Sir William Carr Beresford,6th Division,L.G. Sir Henry Clinton,14th Brigade,M.G. Sir Denis Pack,"1/42nd Regt. Royal Highland ""Black Watch""",sub in V,Infantry,Heavy,h,7,1,Battalions,34,Painted,p,"1/42nd Regt. Royal Highland ""Black Watch"" (sub in V)",198
British,III Corps,L.G. Sir William Carr Beresford,6th Division,L.G. Sir Henry Clinton,14th Brigade,M.G. Sir Denis Pack,"1/79th Regt. ""Cameron Highlanders""",,Infantry,Heavy,h,6,1,Battalions,34,Painted,p,"1/79th Regt. ""Cameron Highlanders""",199
British,III Corps,L.G. Sir William Carr Beresford,6th Division,L.G. Sir Henry Clinton,14th Brigade,M.G. Sir Denis Pack,1/91st Regt. Argylshire,sub in II,Infantry,Heavy,h,6,1,Battalions,34,Painted,p,1/91st Regt. Argylshire (sub in II),200
British,III Corps,L.G. Sir William Carr Beresford,6th Division,L.G. Sir Henry Clinton,14th Brigade,M.G. Sir Denis Pack,"1/92nd Regt. ""Gordon Highlanders""",sub in V,Infantry,Heavy,h,6,1,Battalions,34,Painted,p,"1/92nd Regt. ""Gordon Highlanders"" (sub in V)",201
British,III Corps,L.G. Sir William Carr Beresford,6th Division,L.G. Sir Henry Clinton,15th Brigade,M.G. Sir John Lambert,"78th Regt. ""Rosshire Buffs""",,Infantry,Heavy,h,6,1,Battalions,34,Painted,p,"78th Regt. ""Rosshire Buffs""",203
British,III Corps,L.G. Sir William Carr Beresford,6th Division,L.G. Sir Henry Clinton,15th Brigade,M.G. Sir John Lambert,"2/79th Regt. ""Cameron Highlanders""",,Infantry,Heavy,h,6,1,Battalions,34,Painted,p,"2/79th Regt. ""Cameron Highlanders""",204
British,III Corps,L.G. Sir William Carr Beresford,6th Division,L.G. Sir Henry Clinton,15th Brigade,M.G. Sir John Lambert,32nd Regt. Cornwall,sub in IV,Infantry,Heavy,h,5,1,Battalions,24,Painted,p,32nd Regt. Cornwall (sub in IV),205
British,III Corps,L.G. Sir William Carr Beresford,6th Division,L.G. Sir Henry Clinton,Brunswick Brigade,M.G. von Specht,Leib Battalion,,Infantry,Heavy,h,4,1,Battalions,26,Painted,p,Leib Battalion,207
British,III Corps,L.G. Sir William Carr Beresford,6th Division,L.G. Sir Henry Clinton,Brunswick Brigade,M.G. von Specht,2nd Line Battalion,,Infantry,Heavy,h,3,1,Battalions,25,Painted,p,2nd Line Battalion,208
British,III Corps,L.G. Sir William Carr Beresford,6th Division,L.G. Sir Henry Clinton,Brunswick Brigade,M.G. von Specht,3rd Line Battalion,,Infantry,Heavy,h,3,1,Battalions,25,Painted,p,3rd Line Battalion,209
British,III Corps,L.G. Sir William Carr Beresford,6th Division,L.G. Sir Henry Clinton,Brunswick Brigade,M.G. von Specht,Avante Garde,,Infantry,Light,s,5,1,Battalions,15,Painted,p,Avante Garde,210
British,III Corps,L.G. Sir William Carr Beresford,6th Division,L.G. Sir Henry Clinton,Brunswick Brigade,M.G. von Specht,R.A. Batt. L,,Artillery,,,7,3,Guns,9,Substitute,s,R.A. Batt. L,211
British,III Corps,L.G. Sir William Carr Beresford,6th Division,L.G. Sir Henry Clinton,Brunswick Brigade,M.G. von Specht,R.A. Batt. M,,Artillery,,,7,3,Guns,9,Substitute,s,R.A. Batt. M,212
British,III Corps,L.G. Sir William Carr Beresford,6th Division,L.G. Sir Henry Clinton,Brunswick Brigade,M.G. von Specht,R.A. Batt. N,,Artillery,,,7,3,Guns,9,Substitute,s,R.A. Batt. N,213
British,III Corps,L.G. Sir William Carr Beresford,3rd Cavalry Division,L.G. Sir Stapleton Cotton,5th Cav. Brigade,M.G. Sir William Ponsonby,"1st ""Royal"" Dragoons",,Cavalry,Medium,m,7,3,Squadrons,19,Painted,p,"1st ""Royal"" Dragoons",220
British,III Corps,L.G. Sir William Carr Beresford,3rd Cavalry Division,L.G. Sir Stapleton Cotton,5th Cav. Brigade,M.G. Sir William Ponsonby,"2nd Dragoons ""Royal Scots Greys""",,Cavalry,Medium,m,7,3,Squadrons,19,Painted,p,"2nd Dragoons ""Royal Scots Greys""",221
British,III Corps,L.G. Sir William Carr Beresford,3rd Cavalry Division,L.G. Sir Stapleton Cotton,5th Cav. Brigade,M.G. Sir William Ponsonby,"6th ""Inniskilling"" Dragoons",,Cavalry,Medium,m,7,3,Squadrons,19,Painted,p,"6th ""Inniskilling"" Dragoons",222
British,III Corps,L.G. Sir William Carr Beresford,3rd Cavalry Division,L.G. Sir Stapleton Cotton,8th Cav. Brigade,M.G. Sir John Vandeleur,"12th ""Prince of Wales"" Light Dragoons",,Cavalry,Light,l,6,3,Squadrons,19,Painted,p,"12th ""Prince of Wales"" Light Dragoons",224
British,III Corps,L.G. Sir William Carr Beresford,3rd Cavalry Division,L.G. Sir Stapleton Cotton,8th Cav. Brigade,M.G. Sir John Vandeleur,16th Light Dragoons,,Cavalry,Light,l,6,3,Squadrons,19,Painted,p,16th Light Dragoons,225
British,III Corps,L.G. Sir William Carr Beresford,3rd Cavalry Division,L.G. Sir Stapleton Cotton,8th Cav. Brigade,M.G. Sir John Vandeleur,23rd Light Dragoons,,Cavalry,Light,l,6,3,Squadrons,19,Painted,p,23rd Light Dragoons,226
British,III Corps,L.G. Sir William Carr Beresford,3rd Cavalry Division,L.G. Sir Stapleton Cotton,Brunswick Cav. Brigade,Lt. Col. von Buttlar,Hussars,,Cavalry,Light,l,5,4,Squadrons,25,Painted,p,Hussars,228
British,III Corps,L.G. Sir William Carr Beresford,3rd Cavalry Division,L.G. Sir Stapleton Cotton,Brunswick Cav. Brigade,Lt. Col. von Buttlar,Uhlans,,Cavalry,Light,l,5,2,Squadrons,13,Painted,p,Uhlans,229
British,III Corps,L.G. Sir William Carr Beresford,3rd Cavalry Division,L.G. Sir Stapleton Cotton,Portuguese Cav. Brigade,M.G. Sir Benjamin D'Urban,"1st Portuguese Dragoons ""Alcantara""",,Cavalry,Light,l,3,3,Squadrons,13,Painted,p,"1st Portuguese Dragoons ""Alcantara""",231
British,III Corps,L.G. Sir William Carr Beresford,3rd Cavalry Division,L.G. Sir Stapleton Cotton,Portuguese Cav. Brigade,M.G. Sir Benjamin D'Urban,11th Portuguese Dragoons,,Cavalry,Light,l,3,3,Squadrons,13,Unpainted,u,11th Portuguese Dragoons,232
British,III Corps,L.G. Sir William Carr Beresford,3rd Cavalry Division,L.G. Sir Stapleton Cotton,Portuguese Cav. Brigade,M.G. Sir Benjamin D'Urban,RHA Troop D,Bull's,Artillery,,,7,3,Guns,9,Substitute,s,RHA Troop D  (Bull's),233
British,III Corps,L.G. Sir William Carr Beresford,3rd Cavalry Division,L.G. Sir Stapleton Cotton,Portuguese Cav. Brigade,M.G. Sir Benjamin D'Urban,RHA Troop,,Artillery,,,7,3,Guns,9,Substitute,s,RHA Troop,234
British,III Corps,L.G. Sir William Carr Beresford,3rd Cavalry Division,L.G. Sir Stapleton Cotton,Portuguese Cav. Brigade,M.G. Sir Benjamin D'Urban,Brunswick Horse gun,,Artillery,,,5,1,Guns,3,Substitute,s,Brunswick Horse gun,235
British,IV Corps,L.G. Sir Roland Lord Hill,2nd Division,L.G. Sir William Stewart,4th Brigade,M.G. Sir Edward Barnes,"2/42nd Regt. Royal Highland ""Black Watch""",,Infantry,Heavy,h,6,1,Battalions,34,Painted,p,"2/42nd Regt. Royal Highland ""Black Watch""",251
British,IV Corps,L.G. Sir Roland Lord Hill,2nd Division,L.G. Sir William Stewart,4th Brigade,M.G. Sir Edward Barnes,"1/71st Regt. ""Highland Light Infantry""",sub in Can.,Infantry,Light,l,6,1,Battalions,33,Painted,p,"1/71st Regt. ""Highland Light Infantry"" (sub in Can.)",252
British,IV Corps,L.G. Sir Roland Lord Hill,2nd Division,L.G. Sir William Stewart,4th Brigade,M.G. Sir Edward Barnes,"2/92nd Regt. ""Gordon Highlanders""",,Infantry,Heavy,h,6,1,Battalions,34,Painted,p,"2/92nd Regt. ""Gordon Highlanders""",253
British,IV Corps,L.G. Sir Roland Lord Hill,2nd Division,L.G. Sir William Stewart,5th Brigade,M.G. Sir John Byng,"3rd Regt. East Kent ""Buffs""",sub in III,Infantry,Heavy,h,6,1,Battalions,34,Painted,p,"3rd Regt. East Kent ""Buffs"" (sub in III)",255
British,IV Corps,L.G. Sir Roland Lord Hill,2nd Division,L.G. Sir William Stewart,5th Brigade,M.G. Sir John Byng,29th Regt. Worcesteshire,sub in III,Infantry,Heavy,h,5,1,Battalions,24,Painted,p,29th Regt. Worcesteshire (sub in III),256
British,IV Corps,L.G. Sir Roland Lord Hill,2nd Division,L.G. Sir William Stewart,5th Brigade,M.G. Sir John Byng,57th Regt. West Middlesex,"sub: 27th Regt., from III",Infantry,Heavy,h,5,1,Battalions,23,Substitute,s,"57th Regt. West Middlesex (sub: 27th Regt., from III)",257
British,IV Corps,L.G. Sir Roland Lord Hill,2nd Division,L.G. Sir William Stewart,6th Brigade,M.G. John Wilson,"2nd Regt. ""Queen's""",sub in I,Infantry,Heavy,h,6,1,Battalions,34,Painted,p,"2nd Regt. ""Queen's"" (sub in I)",259
British,IV Corps,L.G. Sir Roland Lord Hill,2nd Division,L.G. Sir William Stewart,6th Brigade,M.G. John Wilson,28th Regt. North Gloucester,,Infantry,Heavy,h,5,1,Battalions,28,Painted,p,28th Regt. North Gloucester,260
British,IV Corps,L.G. Sir Roland Lord Hill,2nd Division,L.G. Sir William Stewart,6th Brigade,M.G. John Wilson,34th Regt. Cumberland,"sub: 32nd Regt., from III",Infantry,Heavy,h,5,1,Battalions,24,Substitute,s,"34th Regt. Cumberland (sub: 32nd Regt., from III)",261
British,IV Corps,L.G. Sir Roland Lord Hill,2nd Division,L.G. Sir William Stewart,6th Brigade,M.G. John Wilson,50th Regt. West Kent,,Infantry,Heavy,h,5,1,Battalions,24,Painted,p,50th Regt. West Kent,262
British,IV Corps,L.G. Sir Roland Lord Hill,2nd Division,L.G. Sir William Stewart,4th Portuguese Brigade,M.G. Charles Ashworth,6th Regt. 1st Porto,,Infantry,Heavy,h,4,2,Battalions,46,Unpainted,u,6th Regt. 1st Porto,264
British,IV Corps,L.G. Sir Roland Lord Hill,2nd Division,L.G. Sir William Stewart,4th Portuguese Brigade,M.G. Charles Ashworth,18th Regt. 2nd Porto,,Infantry,Heavy,h,4,2,Battalions,46,Unpainted,u,18th Regt. 2nd Porto,265
British,IV Corps,L.G. Sir Roland Lord Hill,2nd Division,L.G. Sir William Stewart,4th Portuguese Brigade,M.G. Charles Ashworth,R.A. Batt. B,,Artillery,,,7,3,Guns,9,Substitute,s,R.A. Batt. B,266
British,IV Corps,L.G. Sir Roland Lord Hill,2nd Division,L.G. Sir William Stewart,4th Portuguese Brigade,M.G. Charles Ashworth,R.A. Batt. C,,Artillery,,,7,3,Guns,9,Substitute,s,R.A. Batt. C,267
British,IV Corps,L.G. Sir Roland Lord Hill,2nd Division,L.G. Sir William Stewart,4th Portuguese Brigade,M.G. Charles Ashworth,R.A. Batt. D,,Artillery,,,7,3,Guns,9,Substitute,s,R.A. Batt. D,268
British,IV Corps,L.G. Sir Roland Lord Hill,Portuguese Division,L.G. Sir John Hamilton,5th Portuguese Brigade,M.G. Antonio DaCosta,2nd Regt. Lagos,sub in V,Infantry,Heavy,h,4,2,Battalions,46,Painted,p,2nd Regt. Lagos (sub in V),274
British,IV Corps,L.G. Sir Roland Lord Hill,Portuguese Division,L.G. Sir John Hamilton,5th Portuguese Brigade,M.G. Antonio DaCosta,14th Regt. Tavira,,Infantry,Heavy,h,4,2,Battalions,46,Unpainted,u,14th Regt. Tavira,275
British,IV Corps,L.G. Sir Roland Lord Hill,Portuguese Division,L.G. Sir John Hamilton,5th Portuguese Brigade,M.G. Antonio DaCosta,10th Cacadores,,Infantry,Light,s,4,1,Battalions,21,Unpainted,u,10th Cacadores,276
British,IV Corps,L.G. Sir Roland Lord Hill,Portuguese Division,L.G. Sir John Hamilton,6th Portuguese Brigade,M.G. Sir Archibald Campbell,4th Regt. Freire de Andrade,"sub: Po 3rd Line, from I",Infantry,Heavy,h,4,2,Battalions,46,Substitute,s,"4th Regt. Freire de Andrade (sub: Po 3rd Line, from I)",278
British,IV Corps,L.G. Sir Roland Lord Hill,Portuguese Division,L.G. Sir John Hamilton,6th Portuguese Brigade,M.G. Sir Archibald Campbell,10th Regt. Lisboa,"sub: Po 15th Line, from I",Infantry,Heavy,h,4,2,Battalions,46,Substitute,s,"10th Regt. Lisboa (sub: Po 15th Line, from I)",279
British,IV Corps,L.G. Sir Roland Lord Hill,Portuguese Division,L.G. Sir John Hamilton,6th Portuguese Brigade,M.G. Sir Archibald Campbell,Portuguese Battery,,Artillery,,,9,3,Guns,4,Unpainted,u,Portuguese Battery,280
British,IV Corps,L.G. Sir Roland Lord Hill,3rd Spanish Division,Gen. Pablo Morillo,3rd Spanish Brigade,Gen.,Princessa Regt.,,Infantry,Heavy,h,4,2,Battalions,44,Unpainted,u,Princessa Regt.,286
British,IV Corps,L.G. Sir Roland Lord Hill,3rd Spanish Division,Gen. Pablo Morillo,3rd Spanish Brigade,Gen.,Tiradores de Castilla,,Infantry,Light,l,4,1,Battalions,21,Unpainted,u,Tiradores de Castilla,287
British,IV Corps,L.G. Sir Roland Lord Hill,3rd Spanish Division,Gen. Pablo Morillo,4th Spanish Brigade,Gen.,Aragon Regt.,,Infantry,Heavy,h,3,2,Battalions,34,Painted,p,Aragon Regt.,289
British,IV Corps,L.G. Sir Roland Lord Hill,3rd Spanish Division,Gen. Pablo Morillo,4th Spanish Brigade,Gen.,Gerona Militia,,Infantry,Heavy,h,1,1,Battalions,19,Painted,p,Gerona Militia,290
British,IV Corps,L.G. Sir Roland Lord Hill,3rd Spanish Division,Gen. Pablo Morillo,4th Spanish Brigade,Gen.,Gerona Light Batt.,,Infantry,Light,l,4,1,Battalions,25,Painted,p,Gerona Light Batt.,291
British,IV Corps,L.G. Sir Roland Lord Hill,3rd Spanish Division,Gen. Pablo Morillo,4th Spanish Brigade,Gen.,Spanish Battery B,,Artillery,,,4,4,Guns,9,Substitute,s,Spanish Battery B,292
British,IV Corps,L.G. Sir Roland Lord Hill,4th Cavalry Division,M.G. Victor Baron von Alten,4th Cav. Brigade,M.G. Baron Eberhardt von Bock,1st Heavy Dragoons K.G.L.,,Cavalry,Heavy,h,7,4,Squadrons,25,Painted,p,1st Heavy Dragoons K.G.L.,298
British,IV Corps,L.G. Sir Roland Lord Hill,4th Cavalry Division,M.G. Victor Baron von Alten,4th Cav. Brigade,M.G. Baron Eberhardt von Bock,2nd Heavy Dragoons K.G.L.,,Cavalry,Heavy,h,7,4,Squadrons,25,Painted,p,2nd Heavy Dragoons K.G.L.,299
British,IV Corps,L.G. Sir Roland Lord Hill,4th Cavalry Division,M.G. Victor Baron von Alten,11th Cav. Brigade,M.G. Sir George Anson,11th Light Dragoons,"sub: 13th LD, from V",Cavalry,Light,l,6,3,Squadrons,19,Substitute,s,"11th Light Dragoons (sub: 13th LD, from V)",301
British,IV Corps,L.G. Sir Roland Lord Hill,4th Cavalry Division,M.G. Victor Baron von Alten,11th Cav. Brigade,M.G. Sir George Anson,"14th ""Duchess of York's"" Light Dragoons","sub: 17th LD, from V",Cavalry,Light,l,6,3,Squadrons,19,Substitute,s,"14th ""Duchess of York's"" Light Dragoons (sub: 17th LD, from V)",302
British,IV Corps,L.G. Sir Roland Lord Hill,4th Cavalry Division,M.G. Victor Baron von Alten,11th Cav. Brigade,M.G. Sir George Anson,2nd Hussars K.G.L.,,Cavalry,Light,l,7,4,Squadrons,25,Painted,p,2nd Hussars K.G.L.,303
British,IV Corps,L.G. Sir Roland Lord Hill,4th Cavalry Division,M.G. Victor Baron von Alten,11th Cav. Brigade,M.G. Sir George Anson,KGL Horse Troop,,Artillery,,,7,3,Guns,9,Substitute,s,KGL Horse Troop,304
British,V Corps,L.G. Lord William Bentinck,1st Med. Division,L.G. Sir William Clinton,19th Brigade,M.G. Sir Frederick Adam,2/1st Guards,"sub: 3/1st Guards, from I",Infantry,Heavy,h,8,1,Battalions,42,Substitute,s,"2/1st Guards (sub: 3/1st Guards, from I)",320
British,V Corps,L.G. Lord William Bentinck,1st Med. Division,L.G. Sir William Clinton,19th Brigade,M.G. Sir Frederick Adam,3rd Batt. K.G.L.,,Infantry,Heavy,h,5,1,Battalions,24,Painted,p,3rd Batt. K.G.L.,321
British,V Corps,L.G. Lord William Bentinck,1st Med. Division,L.G. Sir William Clinton,19th Brigade,M.G. Sir Frederick Adam,5th Batt. K.G.L.,,Infantry,Heavy,h,5,1,Battalions,24,Painted,p,5th Batt. K.G.L.,322
British,V Corps,L.G. Lord William Bentinck,1st Med. Division,L.G. Sir William Clinton,19th Brigade,M.G. Sir Frederick Adam,Corsican Rangers,"sub: 5/60th, from II",Infantry,Light,r,4,1,Battalions,21,Substitute,s,"Corsican Rangers (sub: 5/60th, from II)",323
British,V Corps,L.G. Lord William Bentinck,1st Med. Division,L.G. Sir William Clinton,20th Brigade,M.G.,Sardinian Aosta Regt.,,Infantry,Heavy,h,3,1,Battalions,23,Painted,p,Sardinian Aosta Regt.,325
British,V Corps,L.G. Lord William Bentinck,1st Med. Division,L.G. Sir William Clinton,20th Brigade,M.G.,Sardinian Savoia Regt.,,Infantry,Heavy,h,3,1,Battalions,23,Painted,p,Sardinian Savoia Regt.,326
British,V Corps,L.G. Lord William Bentinck,1st Med. Division,L.G. Sir William Clinton,20th Brigade,M.G.,Sardinian Regina Regt.,,Infantry,Heavy,h,3,1,Battalions,23,Painted,p,Sardinian Regina Regt.,327
British,V Corps,L.G. Lord William Bentinck,1st Med. Division,L.G. Sir William Clinton,20th Brigade,M.G.,Greek Light Infantry,,Infantry,Light,s,4,1,Battalions,17,Painted,p,Greek Light Infantry,328
British,V Corps,L.G. Lord William Bentinck,1st Med. Division,L.G. Sir William Clinton,20th Brigade,M.G.,R.A. Batt.,,Artillery,,,7,3,Guns,9,Substitute,s,R.A. Batt.,329
British,V Corps,L.G. Lord William Bentinck,1st Med. Division,L.G. Sir William Clinton,20th Brigade,M.G.,R.A. Batt.,,Artillery,,,7,3,Guns,9,Substitute,s,R.A. Batt.,330
British,V Corps,L.G. Lord William Bentinck,2nd Med. Division,L.G. Alexander Mackenzie,21st Brigade,M.G. Gardiner,33rd Regt. 1st Yorkshire West Riding,,Infantry,Heavy,h,5,1,Battalions,24,Painted,p,33rd Regt. 1st Yorkshire West Riding,336
British,V Corps,L.G. Lord William Bentinck,2nd Med. Division,L.G. Alexander Mackenzie,21st Brigade,M.G. Gardiner,1st Provisional Batt.,,Infantry,Heavy,h,5,1,Battalions,24,Painted,p,1st Provisional Batt.,337
British,V Corps,L.G. Lord William Bentinck,2nd Med. Division,L.G. Alexander Mackenzie,21st Brigade,M.G. Gardiner,2nd Provisional Batt.,,Infantry,Heavy,h,5,1,Battalions,24,Painted,p,2nd Provisional Batt.,338
British,V Corps,L.G. Lord William Bentinck,2nd Med. Division,L.G. Alexander Mackenzie,22nd Brigade,M.G. John Sontag,Sicilian Estero Regt.,"sub: PO 14th, from IV",Infantry,Heavy,h,3,2,Battalions,52,Unpainted,u,"Sicilian Estero Regt. (sub: PO 14th, from IV)",340
British,V Corps,L.G. Lord William Bentinck,2nd Med. Division,L.G. Alexander Mackenzie,22nd Brigade,M.G. John Sontag,Anglo-Italian Levy,"sub: PO 2nd, from IV",Infantry,Heavy,h,2,2,Battalions,46,Substitute,s,"Anglo-Italian Levy (sub: PO 2nd, from IV)",341
British,V Corps,L.G. Lord William Bentinck,2nd Med. Division,L.G. Alexander Mackenzie,22nd Brigade,M.G. John Sontag,R.A. Batt.,,Artillery,,,7,3,Guns,9,Substitute,s,R.A. Batt.,342
British,V Corps,L.G. Lord William Bentinck,5th Cavalry Division,M.G. Frederick Bentinck,5th Cav. Brigade,M.G. Sir William Ponsonby,"1st ""Royal"" Dragoons ""Bis""",,Cavalry,Medium,m,7,3,Squadrons,19,Substitute,s,"1st ""Royal"" Dragoons ""Bis""",348
British,V Corps,L.G. Lord William Bentinck,5th Cavalry Division,M.G. Frederick Bentinck,5th Cav. Brigade,M.G. Sir William Ponsonby,"2nd Dragoons ""Royal Scots Greys"" ""Bis""",,Cavalry,Medium,m,7,3,Squadrons,19,Substitute,s,"2nd Dragoons ""Royal Scots Greys"" ""Bis""",349
British,V Corps,L.G. Lord William Bentinck,5th Cavalry Division,M.G. Frederick Bentinck,5th Cav. Brigade,M.G. Sir William Ponsonby,"6th ""Inniskilling"" Dragoons ""Bis""",,Cavalry,Medium,m,7,3,Squadrons,19,Substitute,s,"6th ""Inniskilling"" Dragoons ""Bis""",350
British,V Corps,L.G. Lord William Bentinck,5th Cavalry Division,M.G. Frederick Bentinck,9th Cav. Brigade,M.G. Robert Long,13th Light Dragoons,sub in IV,Cavalry,Light,l,6,3,Squadrons,19,Painted,p,13th Light Dragoons (sub in IV),352
British,V Corps,L.G. Lord William Bentinck,5th Cavalry Division,M.G. Frederick Bentinck,9th Cav. Brigade,M.G. Robert Long,17th Light Dragoons,sub in IV,Cavalry,Light,l,6,3,Squadrons,19,Painted,p,17th Light Dragoons (sub in IV),353
British,V Corps,L.G. Lord William Bentinck,5th Cavalry Division,M.G. Frederick Bentinck,9th Cav. Brigade,M.G. Robert Long,19th Light Dragoons,,Cavalry,Light,l,5,1,Squadrons,7,Painted,p,19th Light Dragoons,354
British,V Corps,L.G. Lord William Bentinck,5th Cavalry Division,M.G. Frederick Bentinck,9th Cav. Brigade,M.G. Robert Long,RHA Horse Troop,,Artillery,,,7,3,Guns,9,Substitute,s,RHA Horse Troop,355
British,Canadian Corps,L.G. Sir John Hope,1st Canadian Division,L.G. Sir William Houston,23rd Brigade,M.G. Sir Isaac Brock,"2/2nd ""Coldstream"" Guards",,Infantry,Heavy,h,8,1,Battalions,42,Painted,p,"2/2nd ""Coldstream"" Guards",373
British,Canadian Corps,L.G. Sir John Hope,1st Canadian Division,L.G. Sir William Houston,23rd Brigade,M.G. Sir Isaac Brock,2nd Canadian Militia,,Infantry,Heavy,h,2,1,Battalions,11,Painted,p,2nd Canadian Militia,374
British,Canadian Corps,L.G. Sir John Hope,1st Canadian Division,L.G. Sir William Houston,23rd Brigade,M.G. Sir Isaac Brock,Glengarry Fencibles Light Infantry,,Infantry,Light,r,4,1,Battalions,17,Painted,p,Glengarry Fencibles Light Infantry,375
British,Canadian Corps,L.G. Sir John Hope,1st Canadian Division,L.G. Sir William Houston,24th Brigade,B.G. de Salaberry,70th Regt. Glasgow Lowland,,Infantry,Heavy,h,5,1,Battalions,34,Painted,p,70th Regt. Glasgow Lowland,377
British,Canadian Corps,L.G. Sir John Hope,1st Canadian Division,L.G. Sir William Houston,24th Brigade,B.G. de Salaberry,Chateauguay Chasseurs,,Infantry,Light,s,3,1,Battalions,13,Painted,p,Chateauguay Chasseurs,378
British,Canadian Corps,L.G. Sir John Hope,1st Canadian Division,L.G. Sir William Houston,24th Brigade,B.G. de Salaberry,R.H.A. Troop,,Artillery,,,7,3,Guns,9,Substitute,s,R.H.A. Troop,379
British,Canadian Corps,L.G. Sir John Hope,2nd Canadian Division,L.G. Sir Edward Packenham,25th Brigade,M.G. John Keane,2/7th Regt. Royal Fusiliers,,Infantry,Heavy,h,6,1,Battalions,42,Painted,p,2/7th Regt. Royal Fusiliers,385
British,Canadian Corps,L.G. Sir John Hope,2nd Canadian Division,L.G. Sir Edward Packenham,25th Brigade,M.G. John Keane,6/60th Regt. Royal American,,Infantry,Light,r,6,1,Battalions,18,Painted,p,6/60th Regt. Royal American,386
British,Canadian Corps,L.G. Sir John Hope,2nd Canadian Division,L.G. Sir Edward Packenham,26th Brigade,M.G. Samuel Gibbs,"3/79th Regt. ""Cameron Highlanders""",,Infantry,Heavy,h,5,1,Battalions,31,Painted,p,"3/79th Regt. ""Cameron Highlanders""",388
British,Canadian Corps,L.G. Sir John Hope,2nd Canadian Division,L.G. Sir Edward Packenham,26th Brigade,M.G. Samuel Gibbs,"2/71st Regt. ""Highland Light Infantry""","sub: 71st, from IV",Infantry,Light,l,5,1,Battalions,33,Substitute,s,"2/71st Regt. ""Highland Light Infantry"" (sub: 71st, from IV)",389
British,Canadian Corps,L.G. Sir John Hope,2nd Canadian Division,L.G. Sir Edward Packenham,26th Brigade,M.G. Samuel Gibbs,3rd Canadian Militia,,Infantry,Heavy,h,2,1,Battalions,13,Painted,p,3rd Canadian Militia,390
British,Canadian Corps,L.G. Sir John Hope,2nd Canadian Division,L.G. Sir Edward Packenham,26th Brigade,M.G. Samuel Gibbs,R.A. Batt.,,Artillery,,,7,3,Guns,9,Substitute,s,R.A. Batt.,391
British,Canadian Corps,L.G. Sir John Hope,3rd Canadian Division,L.G. Sir Gordon Drummond,27th Brigade,M.G. Gardiner,49th Regt. Hertfordshire,,Infantry,Heavy,h,5,1,Battalions,34,Painted,p,49th Regt. Hertfordshire,397
British,Canadian Corps,L.G. Sir John Hope,3rd Canadian Division,L.G. Sir Gordon Drummond,27th Brigade,M.G. Gardiner,Select Embodied Militia of Upper Canada,"sub: 1st KGL, from I",Infantry,Heavy,h,3,1,Battalions,24,Substitute,s,"Select Embodied Militia of Upper Canada (sub: 1st KGL, from I)",398
British,Canadian Corps,L.G. Sir John Hope,3rd Canadian Division,L.G. Sir Gordon Drummond,28th Brigade,M.G. John Sontag,Marines,,Infantry,Heavy,h,6,1,Battalions,31,Painted,p,Marines,400
British,Canadian Corps,L.G. Sir John Hope,3rd Canadian Division,L.G. Sir Gordon Drummond,28th Brigade,M.G. John Sontag,Canadian Voltigeurs,,Infantry,Light,r,5,1,Battalions,21,Painted,p,Canadian Voltigeurs,401
British,Canadian Corps,L.G. Sir John Hope,3rd Canadian Division,L.G. Sir Gordon Drummond,28th Brigade,M.G. John Sontag,4th Canadian Militia,,Infantry,Heavy,h,2,1,Battalions,11,Painted,p,4th Canadian Militia,402
British,Canadian Corps,L.G. Sir John Hope,3rd Canadian Division,L.G. Sir Gordon Drummond,28th Brigade,M.G. John Sontag,R.A. Batt.,,Artillery,,,7,3,Guns,9,Substitute,s,R.A. Batt.,403
British,Canadian Corps,L.G. Sir John Hope,Canadian Cavalry Division,,Independent,,"2nd Dragoons ""Royal Scots Greys"" bis",,Cavalry,Medium,m,6,4,Squadrons,25,Painted,p,"2nd Dragoons ""Royal Scots Greys"" bis",409
British,Canadian Corps,L.G. Sir John Hope,Canadian Cavalry Division,,12th Cav. Brigade,M.G. Robert Long,"7th ""Queen's Own"" Hussars",,Cavalry,Light,l,6,4,Squadrons,25,Painted,p,"7th ""Queen's Own"" Hussars",411
British,Canadian Corps,L.G. Sir John Hope,Canadian Cavalry Division,,12th Cav. Brigade,M.G. Robert Long,8th Light Dragoons,sub: 2nd KGL from I,Cavalry,Light,l,6,4,Squadrons,25,Substitute,s,8th Light Dragoons (sub: 2nd KGL from I),412
British,Canadian Corps,L.G. Sir John Hope,Canadian Cavalry Division,,12th Cav. Brigade,M.G. Robert Long,9th Light Dragoons,,Cavalry,Light,l,5,4,Squadrons,25,Painted,p,9th Light Dragoons,413
British,Canadian Corps,L.G. Sir John Hope,Canadian Cavalry Division,,12th Cav. Brigade,M.G. Robert Long,R.H.A. Troop,,Artillery,,,7,3,Guns,9,Substitute,s,R.H.A. Troop,414
British,Artillery Reserve,,,,,,Siege Artillery,,Artillery,,,6,6,Guns,28,,,Siege Artillery,494
British,Artillery Reserve,,,,,,Spanish Siege Artillery,,Artillery,,,4,3,Guns,12,,,Spanish Siege Artillery,495
French,I Corps of Imperial Guard - Old Guard / Old Guard Infantry,"Marshall Lefebvre, Duc de Danzig",Division of Grenadiers,Gen. de Div. Count Dorsenne,1st Brigade,Gen. de Div. Count Michel,1st Regt. Grenadiers,,Infantry,Heavy,h,9,2,Battalions,68,Painted,p,1st Regt. Grenadiers,22
French,I Corps of Imperial Guard - Old Guard / Old Guard Infantry,"Marshall Lefebvre, Duc de Danzig",Division of Grenadiers,Gen. de Div. Count Dorsenne,1st Brigade,Gen. de Div. Count Michel,2nd Regt. Grenadiers,,Infantry,Heavy,h,9,2,Battalions,68,Painted,p,2nd Regt. Grenadiers,23
French,I Corps of Imperial Guard - Old Guard / Old Guard Infantry,"Marshall Lefebvre, Duc de Danzig",Division of Grenadiers,Gen. de Div. Count Dorsenne,1st Brigade,Gen. de Div. Count Michel,1st Co. Art. a Pied de la Garde,12 pdrs.,Artillery,,,9,4,Guns,12,Painted,p,1st Co. Art. a Pied de la Garde (12 pdrs.),24
French,I Corps of Imperial Guard - Old Guard / Old Guard Infantry,"Marshall Lefebvre, Duc de Danzig",Division of Grenadiers,Gen. de Div. Count Dorsenne,3rd Brigade,Gen. de Brig. Baron Poret de Morvan,3rd Regt. Grenadiers,sub in V,Infantry,Heavy,h,8,1,Battalions,34,Painted,p,3rd Regt. Grenadiers (sub in V),26
French,I Corps of Imperial Guard - Old Guard / Old Guard Infantry,"Marshall Lefebvre, Duc de Danzig",Division of Grenadiers,Gen. de Div. Count Dorsenne,3rd Brigade,Gen. de Brig. Baron Poret de Morvan,4th Regt. Grenadiers,suv in V,Infantry,Heavy,h,8,1,Battalions,34,Painted,p,4th Regt. Grenadiers (suv in V),27
French,I Corps of Imperial Guard - Old Guard / Old Guard Infantry,"Marshall Lefebvre, Duc de Danzig",Division of Grenadiers,Gen. de Div. Count Dorsenne,3rd Brigade,Gen. de Brig. Baron Poret de Morvan,Dutch Grenadiers,Ex-Hollandais,Infantry,Heavy,h,7,1,Battalions,34,Painted,p,Dutch Grenadiers  (Ex-Hollandais),28
French,I Corps of Imperial Guard - Old Guard / Old Guard Infantry,"Marshall Lefebvre, Duc de Danzig",Division of Grenadiers,Gen. de Div. Count Dorsenne,3rd Brigade,Gen. de Brig. Baron Poret de Morvan,3rd Co. Art. a Pied de la Garde,6 pdrs.,Artillery,,,9,4,Guns,9,Painted,p,3rd Co. Art. a Pied de la Garde (6 pdrs.),29
French,I Corps of Imperial Guard - Old Guard / Old Guard Infantry,"Marshall Lefebvre, Duc de Danzig",Division of Chasseurs,Gen. de Div. Count Curial,2nd Brigade,Gen. de Brig. Baron Boyer de Rebeval,1st Regt. Chasseurs,sub in V,Infantry,Heavy,h,9,2,Battalions,68,Painted,p,1st Regt. Chasseurs (sub in V),36
French,I Corps of Imperial Guard - Old Guard / Old Guard Infantry,"Marshall Lefebvre, Duc de Danzig",Division of Chasseurs,Gen. de Div. Count Curial,2nd Brigade,Gen. de Brig. Baron Boyer de Rebeval,2nd Regt. Chasseurs,,Infantry,Heavy,h,9,2,Battalions,68,Painted,p,2nd Regt. Chasseurs,37
French,I Corps of Imperial Guard - Old Guard / Old Guard Infantry,"Marshall Lefebvre, Duc de Danzig",Division of Chasseurs,Gen. de Div. Count Curial,2nd Brigade,Gen. de Brig. Baron Boyer de Rebeval,2nd Co. Art. a Pied de la Garde,12 pdrs.,Artillery,,,9,4,Guns,12,Painted,p,2nd Co. Art. a Pied de la Garde (12 pdrs.),38
French,I Corps of Imperial Guard - Old Guard / Old Guard Infantry,"Marshall Lefebvre, Duc de Danzig",Division of Chasseurs,Gen. de Div. Count Curial,4th Brigade,Gen. de Brig. Baron Gros,3rd Regt. Chasseurs,,Infantry,Heavy,h,8,1,Battalions,34,Painted,p,3rd Regt. Chasseurs,40
French,I Corps of Imperial Guard - Old Guard / Old Guard Infantry,"Marshall Lefebvre, Duc de Danzig",Division of Chasseurs,Gen. de Div. Count Curial,4th Brigade,Gen. de Brig. Baron Gros,4th Regt. Chasseurs,sub in V,Infantry,Heavy,h,8,1,Battalions,34,Painted,p,4th Regt. Chasseurs (sub in V),41
French,I Corps of Imperial Guard - Old Guard / Old Guard Infantry,"Marshall Lefebvre, Duc de Danzig",Division of Chasseurs,Gen. de Div. Count Curial,4th Brigade,Gen. de Brig. Baron Gros,Imperial Guard Marines,sub in IT I,Infantry,Heavy,h,8,1,Battalions,22,Painted,p,Imperial Guard Marines (sub in IT I),42
French,I Corps of Imperial Guard - Old Guard / Imperial Guard Cavalry,"Marshall Bessieres, Duc d'Istrie",1st Guard Cavalry Division,Gen. de Div. Count Walther,Heavy Cavalry Brigade,Gen. de Brig. Baron Lepic,Grenadiers a Cheval,,Cavalry,Heavy,h,9,4,Squadrons,33,Painted,p,Grenadiers a Cheval,51
French,I Corps of Imperial Guard - Old Guard / Imperial Guard Cavalry,"Marshall Bessieres, Duc d'Istrie",1st Guard Cavalry Division,Gen. de Div. Count Walther,Heavy Cavalry Brigade,Gen. de Brig. Baron Lepic,Gendarmes d'Elite,sub in IT I,Cavalry,Heavy,h,9,2,Squadrons,17,Painted,p,Gendarmes d'Elite (sub in IT I),52
French,I Corps of Imperial Guard - Old Guard / Imperial Guard Cavalry,"Marshall Bessieres, Duc d'Istrie",1st Guard Cavalry Division,Gen. de Div. Count Walther,Heavy Cavalry Brigade,Gen. de Brig. Baron Lepic,1st Co. Art. Volante de la Garde,,Artillery,,,9,4,Guns,12,Painted,p,1st Co. Art. Volante de la Garde,53
French,I Corps of Imperial Guard - Old Guard / Imperial Guard Cavalry,"Marshall Bessieres, Duc d'Istrie",1st Guard Cavalry Division,Gen. de Div. Count Walther,Light Cavalry Brigade,Gen. de Div. Count Lefebvre Desnoettes,Chasseurs a Cheval de la Garde,,Cavalry,Light,l,9,4,Squadrons,37,Painted,p,Chasseurs a Cheval de la Garde,55
French,I Corps of Imperial Guard - Old Guard / Imperial Guard Cavalry,"Marshall Bessieres, Duc d'Istrie",1st Guard Cavalry Division,Gen. de Div. Count Walther,Light Cavalry Brigade,Gen. de Div. Count Lefebvre Desnoettes,Mamalukes,,Cavalry,Light,l,9,1,Squadrons,9,Painted,p,Mamalukes,56
French,II Corps of Imperial Guard - Young Guard,"Marshall Mortier, Duc de Trevise",Division of Tirailleurs,Gen. de Div. Count Roguet,5th Brigade,Gen. de Brig. Count Dumoustier,Fusilier Grenadiers,,Infantry,Heavy,h,8,1,Battalions,34,Painted,p,Fusilier Grenadiers,74
French,II Corps of Imperial Guard - Young Guard,"Marshall Mortier, Duc de Trevise",Division of Tirailleurs,Gen. de Div. Count Roguet,5th Brigade,Gen. de Brig. Count Dumoustier,Veliti di Torino,,Infantry,Heavy,h,7,1,Battalions,26,Painted,p,Veliti di Torino,75
French,II Corps of Imperial Guard - Young Guard,"Marshall Mortier, Duc de Trevise",Division of Tirailleurs,Gen. de Div. Count Roguet,5th Brigade,Gen. de Brig. Count Dumoustier,Flanquer Grenadiers,,Infantry,Light,l,6,1,Battalions,25,Painted,p,Flanquer Grenadiers,76
French,II Corps of Imperial Guard - Young Guard,"Marshall Mortier, Duc de Trevise",Division of Tirailleurs,Gen. de Div. Count Roguet,5th Brigade,Gen. de Brig. Count Dumoustier,Polish Grenadiers of the Imperial Guard,sub Pol Gren,Infantry,Light,l,7,1,Battalions,26,Unpainted,u,Polish Grenadiers of the Imperial Guard  (sub Pol Gren),77
French,II Corps of Imperial Guard - Young Guard,"Marshall Mortier, Duc de Trevise",Division of Tirailleurs,Gen. de Div. Count Roguet,5th Brigade,Gen. de Brig. Count Dumoustier,4th Co. Art. a Pied de la Garde,Jeune; 12 pdrs.,Artillery,,,7,4,Guns,12,Painted,p,4th Co. Art. a Pied de la Garde (Jeune)(12 pdrs.),78
French,II Corps of Imperial Guard - Young Guard,"Marshall Mortier, Duc de Trevise",Division of Tirailleurs,Gen. de Div. Count Roguet,6th Brigade,Gen. de Brig. Baron Boyeldieu,1st Regt. Tirailleurs,,Infantry,Light,l,6,1,Battalions,25,Painted,p,1st Regt. Tirailleurs,80
French,II Corps of Imperial Guard - Young Guard,"Marshall Mortier, Duc de Trevise",Division of Tirailleurs,Gen. de Div. Count Roguet,6th Brigade,Gen. de Brig. Baron Boyeldieu,2nd Regt. Tirailleurs,,Infantry,Light,l,6,1,Battalions,25,Painted,p,2nd Regt. Tirailleurs,81
French,II Corps of Imperial Guard - Young Guard,"Marshall Mortier, Duc de Trevise",Division of Tirailleurs,Gen. de Div. Count Roguet,6th Brigade,Gen. de Brig. Baron Boyeldieu,3rd Regt. Tirailleurs,,Infantry,Light,s,7,1,Battalions,21,Painted,p,3rd Regt. Tirailleurs,82
French,II Corps of Imperial Guard - Young Guard,"Marshall Mortier, Duc de Trevise",Division of Tirailleurs,Gen. de Div. Count Roguet,6th Brigade,Gen. de Brig. Baron Boyeldieu,5th Regt. Tirailleurs,,Infantry,Light,l,6,1,Battalions,25,Painted,p,5th Regt. Tirailleurs,83
French,II Corps of Imperial Guard - Young Guard,"Marshall Mortier, Duc de Trevise",Division of Tirailleurs,Gen. de Div. Count Roguet,6th Brigade,Gen. de Brig. Baron Boyeldieu,5th Co. Art. Volante de la Garde,Jeune,Artillery,,,7,3,Guns,7,Painted,p,5th Co. Art. Volante de la Garde (Jeune),84
French,II Corps of Imperial Guard - Young Guard,"Marshall Mortier, Duc de Trevise",Division of Voltigeurs,Gen. de Div. Count Delaborde,7th Brigade,Gen. de Brig. Baron Berthezene,Fusilier Chassuers,,Infantry,Heavy,h,8,1,Battalions,34,Painted,p,Fusilier Chassuers,87
French,II Corps of Imperial Guard - Young Guard,"Marshall Mortier, Duc de Trevise",Division of Voltigeurs,Gen. de Div. Count Delaborde,7th Brigade,Gen. de Brig. Baron Berthezene,Flanquer Chasseurs,,Infantry,Light,l,6,1,Battalions,25,Painted,p,Flanquer Chasseurs,88
French,II Corps of Imperial Guard - Young Guard,"Marshall Mortier, Duc de Trevise",Division of Voltigeurs,Gen. de Div. Count Delaborde,7th Brigade,Gen. de Brig. Baron Berthezene,1st Regt. Vistula Legion,,Infantry,Heavy,h,7,2,Battalions,60,Unpainted,u,1st Regt. Vistula Legion,89
French,II Corps of Imperial Guard - Young Guard,"Marshall Mortier, Duc de Trevise",Division of Voltigeurs,Gen. de Div. Count Delaborde,8th Brigade,Gen. de Brig. Count Barrois,1st Regt. Voltigeurs,,Infantry,Light,l,6,1,Battalions,25,Painted,p,1st Regt. Voltigeurs,91
French,II Corps of Imperial Guard - Young Guard,"Marshall Mortier, Duc de Trevise",Division of Voltigeurs,Gen. de Div. Count Delaborde,8th Brigade,Gen. de Brig. Count Barrois,2nd Regt. Voltigeurs,,Infantry,Light,l,6,1,Battalions,25,Painted,p,2nd Regt. Voltigeurs,92
French,II Corps of Imperial Guard - Young Guard,"Marshall Mortier, Duc de Trevise",Division of Voltigeurs,Gen. de Div. Count Delaborde,8th Brigade,Gen. de Brig. Count Barrois,3rd Regt. Voltigeurs,,Infantry,Light,l,7,1,Battalions,25,Painted,p,3rd Regt. Voltigeurs,93
French,II Corps of Imperial Guard - Young Guard,"Marshall Mortier, Duc de Trevise",Division of Voltigeurs,Gen. de Div. Count Delaborde,8th Brigade,Gen. de Brig. Count Barrois,4th Regt. Voltigeurs,,Infantry,Light,l,6,1,Battalions,25,Painted,p,4th Regt. Voltigeurs,94
French,II Corps of Imperial Guard - Young Guard,"Marshall Mortier, Duc de Trevise",Division of Voltigeurs,Gen. de Div. Count Delaborde,8th Brigade,Gen. de Brig. Count Barrois,6th Co. Art. Volante de la Garde,Jeune,Artillery,,,7,3,Guns,7,Painted,p,6th Co. Art. Volante de la Garde (Jeune),95
French,II Corps of Imperial Guard - Young Guard,"Marshall Mortier, Duc de Trevise",2nd Guard Cavalry Division,"Gen. de Div. Arrighi de Casanova, Duca di Padova",Medium Cavalry Brigade,Gen. de Div. Count Ornano,Empress Dragoons,sub in IT II,Cavalry,Medium,m,8,4,Squadrons,33,Painted,p,Empress Dragoons (sub in IT II),105
French,II Corps of Imperial Guard - Young Guard,"Marshall Mortier, Duc de Trevise",2nd Guard Cavalry Division,"Gen. de Div. Arrighi de Casanova, Duca di Padova",Medium Cavalry Brigade,Gen. de Div. Count Ornano,Dutch Horse Grenadiers,,Cavalry,Heavy,h,6,3,Squadrons,25,Painted,p,Dutch Horse Grenadiers,106
French,II Corps of Imperial Guard - Young Guard,"Marshall Mortier, Duc de Trevise",2nd Guard Cavalry Division,"Gen. de Div. Arrighi de Casanova, Duca di Padova",Medium Cavalry Brigade,Gen. de Div. Count Ornano,2nd Co. Art. Volante de la Garde,,Artillery,,,8,3,Guns,7,Painted,p,2nd Co. Art. Volante de la Garde,107
French,II Corps of Imperial Guard - Young Guard,"Marshall Mortier, Duc de Trevise",2nd Guard Cavalry Division,"Gen. de Div. Arrighi de Casanova, Duca di Padova",Lancer Brigade,Gen. de Div. Baron Edouard Colbert-Chabanais,"1st Chevau Legere Lancers of the Guard ""Polish""",,Cavalry,Light,l,9,3,Squadrons,28,Painted,p,"1st Chevau Legere Lancers of the Guard ""Polish""",109
French,II Corps of Imperial Guard - Young Guard,"Marshall Mortier, Duc de Trevise",2nd Guard Cavalry Division,"Gen. de Div. Arrighi de Casanova, Duca di Padova",Lancer Brigade,Gen. de Div. Baron Edouard Colbert-Chabanais,"2nd Chevau Legere Lancers of the Guard ""Dutch""",,Cavalry,Light,l,8,4,Squadrons,37,Painted,p,"2nd Chevau Legere Lancers of the Guard ""Dutch""",110
French,II Corps of Imperial Guard - Young Guard,"Marshall Mortier, Duc de Trevise",2nd Guard Cavalry Division,"Gen. de Div. Arrighi de Casanova, Duca di Padova",Lancer Brigade,Gen. de Div. Baron Edouard Colbert-Chabanais,"3rd Chevau Legere Lancers of the Guard ""Lithuanian""",,Cavalry,Light,l,7,2,Squadrons,17,Painted,p,"3rd Chevau Legere Lancers of the Guard ""Lithuanian""",111
French,II Corps of Imperial Guard - Young Guard,"Marshall Mortier, Duc de Trevise",2nd Guard Cavalry Division,"Gen. de Div. Arrighi de Casanova, Duca di Padova",Garde d'Honneur Brigade,Gen. de Brig. Count Segur,1st Garde d'Honneur,sub in Pol I,Cavalry,Light,l,5,3,Squadrons,19,Unpainted,u,1st Garde d'Honneur (sub in Pol I),113
French,II Corps of Imperial Guard - Young Guard,"Marshall Mortier, Duc de Trevise",2nd Guard Cavalry Division,"Gen. de Div. Arrighi de Casanova, Duca di Padova",Garde d'Honneur Brigade,Gen. de Brig. Count Segur,2nd Garde d'Honneur,,Cavalry,Light,l,5,3,Squadrons,19,Unpainted,u,2nd Garde d'Honneur,114
French,I Corps,Marshall Victor Duc de Belluno,1st Division,Gen. de Div. Baron Lapisse,1st Brigade,Gen. de Brig. Count Pacthod,63rd Ligne,,Infantry,Heavy,h,5,2,Battalions,40,Painted,p,63rd Ligne,151
French,I Corps,Marshall Victor Duc de Belluno,1st Division,Gen. de Div. Baron Lapisse,1st Brigade,Gen. de Brig. Count Pacthod,94th Ligne,,Infantry,Heavy,h,5,2,Battalions,40,Painted,p,94th Ligne,152
French,I Corps,Marshall Victor Duc de Belluno,1st Division,Gen. de Div. Baron Lapisse,1st Brigade,Gen. de Brig. Count Pacthod,Berg 3rd Regt.,RV,Infantry,Heavy,h,4,1,Battalions,20,Painted,p,Berg 3rd Regt. (RV),153
French,I Corps,Marshall Victor Duc de Belluno,1st Division,Gen. de Div. Baron Lapisse,2nd Brigade,Gen. de Brig. Count Maison,8th Ligne,,Infantry,Heavy,h,5,2,Battalions,48,Painted,p,8th Ligne,155
French,I Corps,Marshall Victor Duc de Belluno,1st Division,Gen. de Div. Baron Lapisse,2nd Brigade,Gen. de Brig. Count Maison,14th Ligne,,Infantry,Heavy,h,5,1,Battalions,26,Painted,p,14th Ligne,156
French,I Corps,Marshall Victor Duc de Belluno,1st Division,Gen. de Div. Baron Lapisse,2nd Brigade,Gen. de Brig. Count Maison,16th Legere,,Infantry,Light,l,5,1,Battalions,23,Painted,p,16th Legere,157
French,I Corps,Marshall Victor Duc de Belluno,1st Division,Gen. de Div. Baron Lapisse,2nd Brigade,Gen. de Brig. Count Maison,Foot Dragoons,sub in VIII,Infantry,Light,l,3,1,Battalions,35,Painted,p,Foot Dragoons (sub in VIII),158
French,I Corps,Marshall Victor Duc de Belluno,1st Division,Gen. de Div. Baron Lapisse,2nd Brigade,Gen. de Brig. Count Maison,"8th Regt., 1st Co. Art. a Pied",12 pdrs.,Artillery,,,6,4,Guns,12,Substitute,s,"8th Regt., 1st Co. Art. a Pied (12 pdrs.)",159
French,I Corps,Marshall Victor Duc de Belluno,2nd Division,Gen. de Div. Count Villatte,3rd Brigade,Gen. de Brig. Count Frere,Royal Guard of Joseph Napoleon,sub in VIII,Infantry,Heavy,h,5,1,Battalions,20,Painted,p,Royal Guard of Joseph Napoleon (sub in VIII),165
French,I Corps,Marshall Victor Duc de Belluno,2nd Division,Gen. de Div. Count Villatte,3rd Brigade,Gen. de Brig. Count Frere,"2nd Line Regt ""Toledo"" Franco-Spanish",GM,Infantry,Heavy,h,2,1,Battalions,31,Painted,p,"2nd Line Regt ""Toledo"" Franco-Spanish (GM)",166
French,I Corps,Marshall Victor Duc de Belluno,2nd Division,Gen. de Div. Count Villatte,3rd Brigade,Gen. de Brig. Count Frere,Portuguese Legion,,Infantry,Heavy,h,3,1,Battalions,32,Painted,p,Portuguese Legion,167
French,I Corps,Marshall Victor Duc de Belluno,2nd Division,Gen. de Div. Count Villatte,3rd Brigade,Gen. de Brig. Count Frere,Chasseurs de Montagne,sub in IV,Infantry,Light,s,6,1,Battalions,25,Painted,p,Chasseurs de Montagne (sub in IV),168
French,I Corps,Marshall Victor Duc de Belluno,2nd Division,Gen. de Div. Count Villatte,4th Brigade,Gen. de Brig. Baron Werle,"3rd Line Regt. Franco-Spanish ""Seville""",,Infantry,Heavy,h,3,2,Battalions,44,Painted,p,"3rd Line Regt. Franco-Spanish ""Seville""",170
French,I Corps,Marshall Victor Duc de Belluno,2nd Division,Gen. de Div. Count Villatte,4th Brigade,Gen. de Brig. Baron Werle,"7th Line Regt. Franco-Spanish ""Cordova""",,Infantry,Heavy,h,3,2,Battalions,44,Unpainted,u,"7th Line Regt. Franco-Spanish ""Cordova""",171
French,I Corps,Marshall Victor Duc de Belluno,2nd Division,Gen. de Div. Count Villatte,4th Brigade,Gen. de Brig. Baron Werle,"8th Regt., 4th Co. Art. a Pied",,Artillery,,,5,4,Guns,9,Substitute,s,"8th Regt., 4th Co. Art. a Pied",172
French,I Corps,Marshall Victor Duc de Belluno,3rd Division,Gen. de Div. Baron Rouyer,72nd Brigade,GM von Geither,Berg 1st Regt.,sub in X,Infantry,Heavy,h,4,2,Battalions,52,Painted,p,Berg 1st Regt. (sub in X),178
French,I Corps,Marshall Victor Duc de Belluno,3rd Division,Gen. de Div. Baron Rouyer,72nd Brigade,GM von Geither,Berg 2nd Regt.,sub in X,Infantry,Heavy,h,4,2,Battalions,52,Painted,p,Berg 2nd Regt. (sub in X),179
French,I Corps,Marshall Victor Duc de Belluno,3rd Division,Gen. de Div. Baron Rouyer,72nd Brigade,GM von Geither,Berg Foot Battery,,Artillery,,,4,4,Guns,9,Substitute,s,Berg Foot Battery,180
French,I Corps,Marshall Victor Duc de Belluno,3rd Division,Gen. de Div. Baron Rouyer,7Xnd Brigade,GM von Kruse,Nassau 1st Regt.,,Infantry,Heavy,h,4,2,Battalions,69,Painted,p,Nassau 1st Regt.,182
French,I Corps,Marshall Victor Duc de Belluno,3rd Division,Gen. de Div. Baron Rouyer,7Xnd Brigade,GM von Kruse,Nassau 2nd Regt.,,Infantry,Heavy,h,4,2,Battalions,53,Painted,p,Nassau 2nd Regt.,183
French,I Corps,Marshall Victor Duc de Belluno,8th Cavalry Division,Gen. de Div. Baron Boussart,16th Cav. Brigade,Gen. de Brig. Franchesci,7th Chasseurs a Cheval (Bis),DW,Cavalry,Light,l,4,3,Squadrons,19,Painted,p,7th Chasseurs a Cheval (Bis) (DW),189
French,I Corps,Marshall Victor Duc de Belluno,8th Cavalry Division,Gen. de Div. Baron Boussart,16th Cav. Brigade,Gen. de Brig. Franchesci,14th Chasseurs a Cheval,DW,Cavalry,Light,l,4,3,Squadrons,19,Painted,p,14th Chasseurs a Cheval (DW),190
French,I Corps,Marshall Victor Duc de Belluno,8th Cavalry Division,Gen. de Div. Baron Boussart,43rd Cav. Brigade,Gen. de Brig. Count Watier,Nassau Chevau Legere,,Cavalry,Light,l,5,4,Squadrons,25,Painted,p,Nassau Chevau Legere,192
French,I Corps,Marshall Victor Duc de Belluno,8th Cavalry Division,Gen. de Div. Baron Boussart,43rd Cav. Brigade,Gen. de Brig. Count Watier,Berg Chevau Legere,,Cavalry,Light,l,6,3,Squadrons,19,Unpainted,u,Berg Chevau Legere,193
French,I Corps,Marshall Victor Duc de Belluno,8th Cavalry Division,Gen. de Div. Baron Boussart,17th Cav. Brigade,Gen. de Brig. Baron Beaumont,Lancers of Berg 3rd & 4th Sqs.,sub: Lancers of Berg,Cavalry,Light,l,7,2,Squadrons,17,Painted,p,Lancers of Berg 3rd & 4th Sqs. (sub: Lancers of Berg),195
French,I Corps,Marshall Victor Duc de Belluno,8th Cavalry Division,Gen. de Div. Baron Boussart,17th Cav. Brigade,Gen. de Brig. Baron Beaumont,Lancers de la Mancha,,Cavalry,Light,l,3,3,Squadrons,19,Painted,p,Lancers de la Mancha,196
French,I Corps,Marshall Victor Duc de Belluno,8th Cavalry Division,Gen. de Div. Baron Boussart,17th Cav. Brigade,Gen. de Brig. Baron Beaumont,Portuguese Legion Chasseurs a Cheval,,Cavalry,Light,l,3,3,Squadrons,19,Unpainted,u,Portuguese Legion Chasseurs a Cheval,197
French,I Corps,Marshall Victor Duc de Belluno,8th Cavalry Division,Gen. de Div. Baron Boussart,17th Cav. Brigade,Gen. de Brig. Baron Beaumont,"3rd Regt., 3rd Co. Art. a Cheval",,Artillery,,,6,3,Guns,7,Painted,p,"3rd Regt., 3rd Co. Art. a Cheval",198
French,II Corps,General de Divisione Junot Duc d'Abrantes,4th Division,Gen. de Div. Baron Solignac,7th Brigade,Gen. de Brig. Baron Brenier de Montmorand,Neuchatel Battalion,,Infantry,Heavy,h,6,1,Battalions,39,Painted,p,Neuchatel Battalion,217
French,II Corps,General de Divisione Junot Duc d'Abrantes,4th Division,Gen. de Div. Baron Solignac,7th Brigade,Gen. de Brig. Baron Brenier de Montmorand,1st Swiss,sub in XV,Infantry,Heavy,h,5,1,Battalions,30,Painted,p,1st Swiss (sub in XV),218
French,II Corps,General de Divisione Junot Duc d'Abrantes,4th Division,Gen. de Div. Baron Solignac,7th Brigade,Gen. de Brig. Baron Brenier de Montmorand,4th Swiss,sub in XV,Infantry,Heavy,h,5,1,Battalions,30,Painted,p,4th Swiss (sub in XV),219
French,II Corps,General de Divisione Junot Duc d'Abrantes,4th Division,Gen. de Div. Baron Solignac,8th Brigade,Gen. de Brig. Baron Thomieres,2nd Swiss,sub in XV,Infantry,Heavy,h,5,2,Battalions,58,Painted,p,2nd Swiss (sub in XV),221
French,II Corps,General de Divisione Junot Duc d'Abrantes,4th Division,Gen. de Div. Baron Solignac,8th Brigade,Gen. de Brig. Baron Thomieres,3rd Swiss,GM; sub in XV,Infantry,Heavy,h,5,1,Battalions,28,Painted,p,3rd Swiss (GM) (sub in XV),222
French,II Corps,General de Divisione Junot Duc d'Abrantes,4th Division,Gen. de Div. Baron Solignac,8th Brigade,Gen. de Brig. Baron Thomieres,Battalion Valaisan,sub in IV,Infantry,Light,l,4,1,Battalions,25,Painted,p,Battalion Valaisan (sub in IV),223
French,II Corps,General de Divisione Junot Duc d'Abrantes,4th Division,Gen. de Div. Baron Solignac,8th Brigade,Gen. de Brig. Baron Thomieres,"8th Regt., 2nd Co. Art. a Pied",12 pdrs.,Artillery,,,6,4,Guns,12,Painted,p,"8th Regt., 2nd Co. Art. a Pied (12 pdrs.)",224
French,II Corps,General de Divisione Junot Duc d'Abrantes,5th Division,Gen. de Div. Count Clauzel,9th Brigade,Gen. de Brig. Baron Gratien,85th and 111th Ligne,4th Batts.,Infantry,Heavy,h,3,2,Battalions,52,Unpainted,u,85th and 111th Ligne (4th Batts.),230
French,II Corps,General de Divisione Junot Duc d'Abrantes,5th Division,Gen. de Div. Count Clauzel,9th Brigade,Gen. de Brig. Baron Gratien,7th and 15th Legere,4th Batts.,Infantry,Light,l,4,2,Battalions,50,Unpainted,u,7th and 15th Legere (4th Batts.),231
French,II Corps,General de Divisione Junot Duc d'Abrantes,5th Division,Gen. de Div. Count Clauzel,10th Brigade,Gen. de Brig. Baron Taupin,3rd Regt. Vistula Legion,sub in Pol II,Infantry,Heavy,h,6,2,Battalions,60,Painted,p,3rd Regt. Vistula Legion (sub in Pol II),233
French,II Corps,General de Divisione Junot Duc d'Abrantes,5th Division,Gen. de Div. Count Clauzel,10th Brigade,Gen. de Brig. Baron Taupin,Guard de Paris,,Infantry,Heavy,h,3,1,Battalions,26,Painted,p,Guard de Paris,234
French,II Corps,General de Divisione Junot Duc d'Abrantes,5th Division,Gen. de Div. Count Clauzel,10th Brigade,Gen. de Brig. Baron Taupin,15th National Guard,,Infantry,Heavy,h,2,2,Battalions,64,Painted,p,15th National Guard,235
French,II Corps,General de Divisione Junot Duc d'Abrantes,5th Division,Gen. de Div. Count Clauzel,10th Brigade,Gen. de Brig. Baron Taupin,Foot Dragoons,"sub: Foot Drag, from I",Infantry,Light,l,3,1,Battalions,35,Substitute,s,"Foot Dragoons (sub: Foot Drag, from I)",236
French,II Corps,General de Divisione Junot Duc d'Abrantes,5th Division,Gen. de Div. Count Clauzel,10th Brigade,Gen. de Brig. Baron Taupin,"8th Regt., 8th Co. Art. a Pied",,Artillery,,,5,4,Guns,9,Painted,p,"8th Regt., 8th Co. Art. a Pied",237
French,II Corps,General de Divisione Junot Duc d'Abrantes,9th Cavalry Division,Gen. de Div. Count Kellerman,18th Cav. Brigade,Gen. de Brig. Tyszkiewicz,1st Vistula Lancers,,Cavalry,Light,l,7,2,Squadrons,17,Painted,p,1st Vistula Lancers,243
French,II Corps,General de Divisione Junot Duc d'Abrantes,9th Cavalry Division,Gen. de Div. Count Kellerman,18th Cav. Brigade,Gen. de Brig. Tyszkiewicz,2nd Vistula Lancers,GM,Cavalry,Light,l,7,2,Squadrons,17,Painted,p,2nd Vistula Lancers  (GM),244
French,II Corps,General de Divisione Junot Duc d'Abrantes,9th Cavalry Division,Gen. de Div. Count Kellerman,18th Cav. Brigade,Gen. de Brig. Tyszkiewicz,Neapolitan Garde du Corps,DW,Cavalry,Light,l,5,2,Squadrons,17,Painted,p,Neapolitan Garde du Corps (DW),245
French,II Corps,General de Divisione Junot Duc d'Abrantes,9th Cavalry Division,Gen. de Div. Count Kellerman,19th Cav. Brigade,Gen. de Brig. Baron Maupetit,11th Chasseurs a Cheval,DW; sub in IT II,Cavalry,Light,l,4,3,Squadrons,19,Painted,p,11th Chasseurs a Cheval (DW) (sub in IT II),247
French,II Corps,General de Divisione Junot Duc d'Abrantes,9th Cavalry Division,Gen. de Div. Count Kellerman,19th Cav. Brigade,Gen. de Brig. Baron Maupetit,16th Chasseurs a Cheval,DW; sub in IT II,Cavalry,Light,l,4,3,Squadrons,19,Painted,p,16th Chasseurs a Cheval (DW) (sub in IT II),248
French,II Corps,General de Divisione Junot Duc d'Abrantes,9th Cavalry Division,Gen. de Div. Count Kellerman,19th Cav. Brigade,Gen. de Brig. Baron Maupetit,Horse Battery,,Artillery,,,6,3,Guns,7,Painted,p,Horse Battery,249
French,III Corps,"Marshall Davout Prince d'Eckmuhl, Duc d'Auerstadt",8th Division,Gen. de Div. Count Morand,15th Brigade,Gen. de Brig. Count Brouard,30th Ligne,sub in II,Infantry,Heavy,h,6,2,Battalions,48,Painted,p,30th Ligne (sub in II),268
French,III Corps,"Marshall Davout Prince d'Eckmuhl, Duc d'Auerstadt",8th Division,Gen. de Div. Count Morand,15th Brigade,Gen. de Brig. Count Brouard,65th Ligne,sub in II,Infantry,Heavy,h,6,2,Battalions,48,Painted,p,65th Ligne (sub in II),269
French,III Corps,"Marshall Davout Prince d'Eckmuhl, Duc d'Auerstadt",8th Division,Gen. de Div. Count Morand,16th Brigade,Gen. de Brig. Count Bonnet d'Honieres,51st Ligne,sub in II,Infantry,Heavy,h,5,2,Battalions,54,Painted,p,51st Ligne (sub in II),271
French,III Corps,"Marshall Davout Prince d'Eckmuhl, Duc d'Auerstadt",8th Division,Gen. de Div. Count Morand,16th Brigade,Gen. de Brig. Count Bonnet d'Honieres,13th Legere,sub in II,Infantry,Light,l,6,2,Battalions,50,Painted,p,13th Legere (sub in II),272
French,III Corps,"Marshall Davout Prince d'Eckmuhl, Duc d'Auerstadt",8th Division,Gen. de Div. Count Morand,16th Brigade,Gen. de Brig. Count Bonnet d'Honieres,"7th Regt., 11th Co. Art. a Pied",,Artillery,,,5,4,Guns,9,Painted,p,"7th Regt., 11th Co. Art. a Pied",273
French,III Corps,"Marshall Davout Prince d'Eckmuhl, Duc d'Auerstadt",9th Division,Gen. de Division Count Friant,17th Brigade,Gen. de Brig. Lochet,33rd Ligne,sub in II,Infantry,Heavy,h,5,2,Battalions,52,Painted,p,33rd Ligne (sub in II),279
French,III Corps,"Marshall Davout Prince d'Eckmuhl, Duc d'Auerstadt",9th Division,Gen. de Division Count Friant,17th Brigade,Gen. de Brig. Lochet,48th Ligne,sub in II,Infantry,Heavy,h,6,2,Battalions,48,Painted,p,48th Ligne (sub in II),280
French,III Corps,"Marshall Davout Prince d'Eckmuhl, Duc d'Auerstadt",9th Division,Gen. de Division Count Friant,18th Brigade,Gen. de Brig. Count Grandeau,108th Ligne,sub in II,Infantry,Heavy,h,6,2,Battalions,48,Painted,p,108th Ligne (sub in II),282
French,III Corps,"Marshall Davout Prince d'Eckmuhl, Duc d'Auerstadt",9th Division,Gen. de Division Count Friant,18th Brigade,Gen. de Brig. Count Grandeau,15th Legere,sub in II,Infantry,Light,l,6,2,Battalions,46,Painted,p,15th Legere (sub in II),283
French,III Corps,"Marshall Davout Prince d'Eckmuhl, Duc d'Auerstadt",9th Division,Gen. de Division Count Friant,18th Brigade,Gen. de Brig. Count Grandeau,"7th Regt., 2nd Co. Art. a Pied",,Artillery,,,5,4,Guns,9,Painted,p,"7th Regt., 2nd Co. Art. a Pied",284
French,III Corps,"Marshall Davout Prince d'Eckmuhl, Duc d'Auerstadt",10th Division,Gen. de Division Count Gudin,19th Brigade,Gen. de Brig. Baron Petit,85th Ligne,sub in II,Infantry,Heavy,h,5,2,Battalions,48,Painted,p,85th Ligne (sub in II),290
French,III Corps,"Marshall Davout Prince d'Eckmuhl, Duc d'Auerstadt",10th Division,Gen. de Division Count Gudin,19th Brigade,Gen. de Brig. Baron Petit,7th Legere,sub in II,Infantry,Heavy,h,6,2,Battalions,46,Painted,p,7th Legere (sub in II),291
French,III Corps,"Marshall Davout Prince d'Eckmuhl, Duc d'Auerstadt",10th Division,Gen. de Division Count Gudin,20th Brigade,Gen. de Brig. Count Gautier,12th Ligne,sub in II,Infantry,Heavy,h,6,2,Battalions,48,Unpainted,u,12th Ligne (sub in II),293
French,III Corps,"Marshall Davout Prince d'Eckmuhl, Duc d'Auerstadt",10th Division,Gen. de Division Count Gudin,20th Brigade,Gen. de Brig. Count Gautier,21st Ligne,sub in II,Infantry,Heavy,h,6,2,Battalions,48,Unpainted,u,21st Ligne (sub in II),294
French,III Corps,"Marshall Davout Prince d'Eckmuhl, Duc d'Auerstadt",10th Division,Gen. de Division Count Gudin,20th Brigade,Gen. de Brig. Count Gautier,"7th Regt., 3rd Co. Art. a Pied",12 pdrs.,Artillery,,,6,4,Guns,12,Painted,p,"7th Regt., 3rd Co. Art. a Pied (12 pdrs.)",295
French,III Corps,"Marshall Davout Prince d'Eckmuhl, Duc d'Auerstadt",10th Cavalry Division,Gen. de Div. Count Montbrun,21st Cav. Brigade,Gen. de Brig. Baron Pierre Francois Dejean,10th Hussars,"sub: 1st Huss, from IV",Cavalry,Light,l,6,3,Squadrons,19,Substitute,s,"10th Hussars (sub: 1st Huss, from IV)",300
French,III Corps,"Marshall Davout Prince d'Eckmuhl, Duc d'Auerstadt",10th Cavalry Division,Gen. de Div. Count Montbrun,21st Cav. Brigade,Gen. de Brig. Baron Pierre Francois Dejean,13th Hussars,"sub: 2nd Huss, from IV",Cavalry,Light,l,6,3,Squadrons,19,Substitute,s,"13th Hussars (sub: 2nd Huss, from IV)",301
French,III Corps,"Marshall Davout Prince d'Eckmuhl, Duc d'Auerstadt",10th Cavalry Division,Gen. de Div. Count Montbrun,22nd Cav. Brigade,Gen. de Brig. Baron Jacquinot,1st Chasseur a Cheval,,Cavalry,Light,l,6,3,Squadrons,19,Painted,p,1st Chasseur a Cheval,303
French,III Corps,"Marshall Davout Prince d'Eckmuhl, Duc d'Auerstadt",10th Cavalry Division,Gen. de Div. Count Montbrun,22nd Cav. Brigade,Gen. de Brig. Baron Jacquinot,6th Chevau Legere,,Cavalry,Light,l,5,3,Squadrons,19,Unpainted,u,6th Chevau Legere,304
French,III Corps,"Marshall Davout Prince d'Eckmuhl, Duc d'Auerstadt",10th Cavalry Division,Gen. de Div. Count Montbrun,23rd Cav. Brigade,Gen. de Brig. Baron Dommanget,2nd Chasseurs a Cheval,"sub: 12th CC, from VI",Cavalry,Light,l,5,3,Squadrons,19,Substitute,s,"2nd Chasseurs a Cheval (sub: 12th CC, from VI)",306
French,III Corps,"Marshall Davout Prince d'Eckmuhl, Duc d'Auerstadt",10th Cavalry Division,Gen. de Div. Count Montbrun,23rd Cav. Brigade,Gen. de Brig. Baron Dommanget,23rd Chasseurs a Cheval,"sub: 15th CC, from VI",Cavalry,Light,l,6,3,Squadrons,19,Substitute,s,"23rd Chasseurs a Cheval (sub: 15th CC, from VI)",307
French,III Corps,"Marshall Davout Prince d'Eckmuhl, Duc d'Auerstadt",10th Cavalry Division,Gen. de Div. Count Montbrun,23rd Cav. Brigade,Gen. de Brig. Baron Dommanget,"5th Regt., 1st Co. Art. a Cheval",,Artillery,,,6,3,Guns,7,Painted,p,"5th Regt., 1st Co. Art. a Cheval",308
French,IV Corps,"Marshall Soult Duc de Dalmatia; Generale de Divisione Mouton, acting corps commander",12th Division,Gen. de Div. Count Saint Hilaire,23rd Brigade,Gen. de Brig. Baron Candras,10th Legere,,Infantry,Light,s,7,2,Battalions,58,Unpainted,u,10th Legere,326
French,IV Corps,"Marshall Soult Duc de Dalmatia; Generale de Divisione Mouton, acting corps commander",12th Division,Gen. de Div. Count Saint Hilaire,23rd Brigade,Gen. de Brig. Baron Candras,105th Ligne,,Infantry,Heavy,h,5,2,Battalions,54,Painted,p,105th Ligne,327
French,IV Corps,"Marshall Soult Duc de Dalmatia; Generale de Divisione Mouton, acting corps commander",12th Division,Gen. de Div. Count Saint Hilaire,24th Brigade,Gen. de Brig. Vare,5th Ligne,,Infantry,Heavy,h,5,2,Battalions,40,Painted,p,5th Ligne,329
French,IV Corps,"Marshall Soult Duc de Dalmatia; Generale de Divisione Mouton, acting corps commander",12th Division,Gen. de Div. Count Saint Hilaire,24th Brigade,Gen. de Brig. Vare,84th Ligne,3rd batt.,Infantry,Heavy,h,7,1,Battalions,30,Painted,p,84th Ligne (3rd batt.),330
French,IV Corps,"Marshall Soult Duc de Dalmatia; Generale de Divisione Mouton, acting corps commander",12th Division,Gen. de Div. Count Saint Hilaire,24th Brigade,Gen. de Brig. Vare,2nd Legere,,Infantry,Light,l,5,1,Battalions,25,Painted,p,2nd Legere,331
French,IV Corps,"Marshall Soult Duc de Dalmatia; Generale de Divisione Mouton, acting corps commander",12th Division,Gen. de Div. Count Saint Hilaire,24th Brigade,Gen. de Brig. Vare,"5th Regt., 12th Co. Art. a Pied",12 pdrs.,Artillery,,,6,4,Guns,12,Painted,p,"5th Regt., 12th Co. Art. a Pied (12 pdrs.)",332
French,IV Corps,"Marshall Soult Duc de Dalmatia; Generale de Divisione Mouton, acting corps commander",13th Division,Gen. de Div. Baron Leval,25th Brigade,Gen. de Brig. Baron Vivies,46th Ligne,sub in IT I,Infantry,Heavy,h,5,2,Battalions,52,Painted,p,46th Ligne (sub in IT I),338
French,IV Corps,"Marshall Soult Duc de Dalmatia; Generale de Divisione Mouton, acting corps commander",13th Division,Gen. de Div. Baron Leval,25th Brigade,Gen. de Brig. Baron Vivies,57th Ligne,sub in IT I,Infantry,Heavy,h,7,2,Battalions,60,Painted,p,57th Ligne (sub in IT I),339
French,IV Corps,"Marshall Soult Duc de Dalmatia; Generale de Divisione Mouton, acting corps commander",13th Division,Gen. de Div. Baron Leval,26th Brigade,Gen. de Brig. Baron Ferey,57th Ligne,3rd and 4th Batts.,Infantry,Heavy,h,6,2,Battalions,40,Painted,p,57th Ligne (3rd and 4th Batts.),341
French,IV Corps,"Marshall Soult Duc de Dalmatia; Generale de Divisione Mouton, acting corps commander",13th Division,Gen. de Div. Baron Leval,26th Brigade,Gen. de Brig. Baron Ferey,Legione Hanovrienne,"sub: Sw Valaison, from VIII",Infantry,Light,l,3,1,Battalions,25,Substitute,s,"Legione Hanovrienne (sub: Sw Valaison, from VIII)",342
French,IV Corps,"Marshall Soult Duc de Dalmatia; Generale de Divisione Mouton, acting corps commander",13th Division,Gen. de Div. Baron Leval,26th Brigade,Gen. de Brig. Baron Ferey,Legione du Midi,"sub: Chass. Mont, from I",Infantry,Light,l,3,1,Battalions,25,Substitute,s,"Legione du Midi (sub: Chass. Mont, from I)",343
French,IV Corps,"Marshall Soult Duc de Dalmatia; Generale de Divisione Mouton, acting corps commander",13th Division,Gen. de Div. Baron Leval,26th Brigade,Gen. de Brig. Baron Ferey,"5th Regt., 14th Co. Art. a Pied",,Artillery,,,5,4,Guns,9,Painted,p,"5th Regt., 14th Co. Art. a Pied",344
French,IV Corps,"Marshall Soult Duc de Dalmatia; Generale de Divisione Mouton, acting corps commander",14th Division,Gen. de Div. Count Legrand,27th Brigade,Gen. de Brig. Baron Ledru des Essarts,18th Ligne,sub in IX,Infantry,Heavy,h,6,2,Battalions,48,Painted,p,18th Ligne (sub in IX),350
French,IV Corps,"Marshall Soult Duc de Dalmatia; Generale de Divisione Mouton, acting corps commander",14th Division,Gen. de Div. Count Legrand,27th Brigade,Gen. de Brig. Baron Ledru des Essarts,Tirailleurs Corses,,Infantry,Light,s,7,1,Battalions,31,Painted,p,Tirailleurs Corses,351
French,IV Corps,"Marshall Soult Duc de Dalmatia; Generale de Divisione Mouton, acting corps commander",14th Division,Gen. de Div. Count Legrand,27th Brigade,Gen. de Brig. Baron Ledru des Essarts,Tirailleurs du Po,,Infantry,Light,s,7,1,Battalions,31,Painted,p,Tirailleurs du Po,352
French,IV Corps,"Marshall Soult Duc de Dalmatia; Generale de Divisione Mouton, acting corps commander",14th Division,Gen. de Div. Count Legrand,28th Brigade,Gen. de Brig. Baron Levasseur,25th Ligne,sub in IT I,Infantry,Heavy,h,5,2,Battalions,52,Painted,p,25th Ligne (sub in IT I),354
French,IV Corps,"Marshall Soult Duc de Dalmatia; Generale de Divisione Mouton, acting corps commander",14th Division,Gen. de Div. Count Legrand,28th Brigade,Gen. de Brig. Baron Levasseur,26th Legere,sub in IT I,Infantry,Light,l,5,1,Battalions,29,Painted,p,26th Legere (sub in IT I),355
French,IV Corps,"Marshall Soult Duc de Dalmatia; Generale de Divisione Mouton, acting corps commander",14th Division,Gen. de Div. Count Legrand,28th Brigade,Gen. de Brig. Baron Levasseur,"5th Regt., 13th Co. Art. a Pied",,Artillery,,,5,4,Guns,9,Painted,p,"5th Regt., 13th Co. Art. a Pied",356
French,IV Corps,"Marshall Soult Duc de Dalmatia; Generale de Divisione Mouton, acting corps commander",11th Cavalry Division,Gen. de Div. Count Lasalle,24th Cav. Brigade,Gen. de Brig. Baron Pire,1st Hussars,,Cavalry,Light,l,6,3,Squadrons,19,Painted,p,1st Hussars,362
French,IV Corps,"Marshall Soult Duc de Dalmatia; Generale de Divisione Mouton, acting corps commander",11th Cavalry Division,Gen. de Div. Count Lasalle,24th Cav. Brigade,Gen. de Brig. Baron Pire,7th Hussars,,Cavalry,Light,l,7,3,Squadrons,19,Painted,p,7th Hussars,363
French,IV Corps,"Marshall Soult Duc de Dalmatia; Generale de Divisione Mouton, acting corps commander",11th Cavalry Division,Gen. de Div. Count Lasalle,25th Cav. Brigade,Gen. de Brig. Baron Margaron,4th Hussars,,Cavalry,Light,l,7,3,Squadrons,19,Painted,p,4th Hussars,365
French,IV Corps,"Marshall Soult Duc de Dalmatia; Generale de Divisione Mouton, acting corps commander",11th Cavalry Division,Gen. de Div. Count Lasalle,25th Cav. Brigade,Gen. de Brig. Baron Margaron,5th Hussars,,Cavalry,Light,l,6,3,Squadrons,19,Painted,p,5th Hussars,366
French,IV Corps,"Marshall Soult Duc de Dalmatia; Generale de Divisione Mouton, acting corps commander",11th Cavalry Division,Gen. de Div. Count Lasalle,26th Cav. Brigade,Gen. de Brig. Baron Subervie,2nd Hussars,,Cavalry,Light,l,6,3,Squadrons,19,Painted,p,2nd Hussars,368
French,IV Corps,"Marshall Soult Duc de Dalmatia; Generale de Divisione Mouton, acting corps commander",11th Cavalry Division,Gen. de Div. Count Lasalle,26th Cav. Brigade,Gen. de Brig. Baron Subervie,1st Vistula Legion,,Cavalry,Light,l,7,4,Squadrons,25,Painted,p,1st Vistula Legion,369
French,IV Corps,"Marshall Soult Duc de Dalmatia; Generale de Divisione Mouton, acting corps commander",11th Cavalry Division,Gen. de Div. Count Lasalle,26th Cav. Brigade,Gen. de Brig. Baron Subervie,"5th Regt., 4th Co. Art. a Cheval",,Artillery,,,6,3,Guns,7,Painted,p,"5th Regt., 4th Co. Art. a Cheval",370
French,V Corps,"Marshall Lannes Prince de Sievers, Duc de Montebello",16th Division,Marshall Oudinot Duc de Reggio,31st Brigade,Gen. de Brig. Baron Dupas,1st Regt. Grenadiers Riunis,,Infantry,Heavy,h,7,2,Battalions,52,Painted,p,1st Regt. Grenadiers Riunis,388
French,V Corps,"Marshall Lannes Prince de Sievers, Duc de Montebello",16th Division,Marshall Oudinot Duc de Reggio,31st Brigade,Gen. de Brig. Baron Dupas,2nd Regt. Grenadiers Riunis (sub,,Infantry,Heavy,h,7,2,Battalions,52,Substitute,s,2nd Regt. Grenadiers Riunis (sub,389
French,V Corps,"Marshall Lannes Prince de Sievers, Duc de Montebello",16th Division,Marshall Oudinot Duc de Reggio,32nd Brigade,Gen. de Brig. Baron Ruffin,3rd Regt. Grenadiers Riunis,Carabiniers,Infantry,Light,l,7,2,Battalions,50,Painted,p,3rd Regt. Grenadiers Riunis (Carabiniers),391
French,V Corps,"Marshall Lannes Prince de Sievers, Duc de Montebello",16th Division,Marshall Oudinot Duc de Reggio,32nd Brigade,Gen. de Brig. Baron Ruffin,4th Regt. Grenadiers Riunis,Carabiniers,Infantry,Light,l,7,2,Battalions,50,Substitute,s,4th Regt. Grenadiers Riunis (Carabiniers),392
French,V Corps,"Marshall Lannes Prince de Sievers, Duc de Montebello",16th Division,Marshall Oudinot Duc de Reggio,32nd Brigade,Gen. de Brig. Baron Ruffin,"1st Regt., 5th Co. Art. a Pied",12 pdrs.,Artillery,,,6,4,Guns,12,Unpainted,u,"1st Regt., 5th Co. Art. a Pied (12 pdrs.)",393
French,V Corps,"Marshall Lannes Prince de Sievers, Duc de Montebello",17th Division,Gen. de Div. Count Suchet Duc d'Albufera,33rd Brigade,Gen. de Brig. Count Claparade,17th Legere,Elite Batt.,Infantry,Light,s,7,1,Battalions,33,Painted,p,17th Legere (Elite Batt.),399
French,V Corps,"Marshall Lannes Prince de Sievers, Duc de Montebello",17th Division,Gen. de Div. Count Suchet Duc d'Albufera,33rd Brigade,Gen. de Brig. Count Claparade,17th Legere,,Infantry,Light,l,6,3,Battalions,51,Painted,p,17th Legere,400
French,V Corps,"Marshall Lannes Prince de Sievers, Duc de Montebello",17th Division,Gen. de Div. Count Suchet Duc d'Albufera,34th Brigade,Gen. de Brig. Count Reille,34th Ligne,,Infantry,Heavy,h,6,2,Battalions,52,Painted,p,34th Ligne,402
French,V Corps,"Marshall Lannes Prince de Sievers, Duc de Montebello",17th Division,Gen. de Div. Count Suchet Duc d'Albufera,34th Brigade,Gen. de Brig. Count Reille,40th Ligne,,Infantry,Heavy,h,5,2,Battalions,52,Painted,p,40th Ligne,403
French,V Corps,"Marshall Lannes Prince de Sievers, Duc de Montebello",17th Division,Gen. de Div. Count Suchet Duc d'Albufera,35th Brigade,Gen. de Brig. Baron Girard Duc de Ligny,64th Ligne,,Infantry,Heavy,h,5,2,Battalions,52,Painted,p,64th Ligne,405
French,V Corps,"Marshall Lannes Prince de Sievers, Duc de Montebello",17th Division,Gen. de Div. Count Suchet Duc d'Albufera,35th Brigade,Gen. de Brig. Baron Girard Duc de Ligny,88th Ligne,,Infantry,Heavy,h,6,2,Battalions,52,Painted,p,88th Ligne,406
French,V Corps,"Marshall Lannes Prince de Sievers, Duc de Montebello",17th Division,Gen. de Div. Count Suchet Duc d'Albufera,35th Brigade,Gen. de Brig. Baron Girard Duc de Ligny,"1st Regt., 6th Co. Art. a Pied",,Artillery,,,5,4,Guns,9,Unpainted,u,"1st Regt., 6th Co. Art. a Pied",407
French,V Corps,"Marshall Lannes Prince de Sievers, Duc de Montebello",17th Division,Gen. de Div. Count Suchet Duc d'Albufera,35th Brigade,Gen. de Brig. Baron Girard Duc de Ligny,"6th Regt., 1st Co. Art. a Cheval",,Artillery,,,6,3,Guns,7,Painted,p,"6th Regt., 1st Co. Art. a Cheval",408
French,V Corps,"Marshall Lannes Prince de Sievers, Duc de Montebello",18th Division,Gen. de Div. Count Gazan,36th Brigade,Gen. de Brig. Campana,21st Legere,,Infantry,Light,l,5,2,Battalions,50,Painted,p,21st Legere,414
French,V Corps,"Marshall Lannes Prince de Sievers, Duc de Montebello",18th Division,Gen. de Div. Count Gazan,36th Brigade,Gen. de Brig. Campana,28th Legere,,Infantry,Light,l,5,2,Battalions,50,Painted,p,28th Legere,415
French,V Corps,"Marshall Lannes Prince de Sievers, Duc de Montebello",18th Division,Gen. de Div. Count Gazan,37th Brigade,Gen. de Brig. Baron Graindorge,100th Ligne,,Infantry,Heavy,h,5,2,Battalions,52,Painted,p,100th Ligne,417
French,V Corps,"Marshall Lannes Prince de Sievers, Duc de Montebello",18th Division,Gen. de Div. Count Gazan,37th Brigade,Gen. de Brig. Baron Graindorge,103rd Ligne,,Infantry,Heavy,h,5,2,Battalions,52,Painted,p,103rd Ligne,418
French,V Corps,"Marshall Lannes Prince de Sievers, Duc de Montebello",18th Division,Gen. de Div. Count Gazan,37th Brigade,Gen. de Brig. Baron Graindorge,"1st Regt., 10th Co. Art. a Pied",,Artillery,,,5,4,Guns,9,Unpainted,u,"1st Regt., 10th Co. Art. a Pied",419
French,V Corps,"Marshall Lannes Prince de Sievers, Duc de Montebello",12th Cavalry Division,Gen. de Div. Baron Marulaz,27th Cav. Brigade,Gen. de Brig. Count Pajol,3rd Hussars,,Cavalry,Light,l,6,3,Squadrons,19,Painted,p,3rd Hussars,426
French,V Corps,"Marshall Lannes Prince de Sievers, Duc de Montebello",12th Cavalry Division,Gen. de Div. Baron Marulaz,27th Cav. Brigade,Gen. de Brig. Count Pajol,6th Hussars,,Cavalry,Light,l,6,3,Squadrons,19,Painted,p,6th Hussars,427
French,V Corps,"Marshall Lannes Prince de Sievers, Duc de Montebello",12th Cavalry Division,Gen. de Div. Baron Marulaz,28th Cav. Brigade,Gen. de Brig. Baron Trelliard,8th Hussars,sub in III,Cavalry,Light,l,6,3,Squadrons,19,Painted,p,8th Hussars (sub in III),429
French,V Corps,"Marshall Lannes Prince de Sievers, Duc de Montebello",12th Cavalry Division,Gen. de Div. Baron Marulaz,28th Cav. Brigade,Gen. de Brig. Baron Trelliard,9th Hussars,sub in III,Cavalry,Light,l,6,4,Squadrons,25,Painted,p,9th Hussars (sub in III),430
French,V Corps,"Marshall Lannes Prince de Sievers, Duc de Montebello",12th Cavalry Division,Gen. de Div. Baron Marulaz,29th Cav. Brigade,Gen. de Brig. Baron Bruyere,1st Chevau Legere,sub in III,Cavalry,Light,l,5,3,Squadrons,19,Painted,p,1st Chevau Legere (sub in III),432
French,V Corps,"Marshall Lannes Prince de Sievers, Duc de Montebello",12th Cavalry Division,Gen. de Div. Baron Marulaz,29th Cav. Brigade,Gen. de Brig. Baron Bruyere,5th Chasseurs a Cheval,sub in III,Cavalry,Light,l,7,4,Squadrons,25,Painted,p,5th Chasseurs a Cheval (sub in III),433
French,V Corps,"Marshall Lannes Prince de Sievers, Duc de Montebello",12th Cavalry Division,Gen. de Div. Baron Marulaz,29th Cav. Brigade,Gen. de Brig. Baron Bruyere,"6th Regt., 3rd Co. Art. a Cheval",,Artillery,,,6,3,Guns,7,Painted,p,"6th Regt., 3rd Co. Art. a Cheval",434
French,VI Corps,"Marshall Ney Prince de la Moscowa, Duc d'Elchingen",21st Division,Gen. de Div. Count Marchand,42nd Brigade,GM Prinz Emil,HD Leib Garde Regt.,SB,Infantry,Heavy,h,7,2,Battalions,76,Painted,p,HD Leib Garde Regt. (SB),452
French,VI Corps,"Marshall Ney Prince de la Moscowa, Duc d'Elchingen",21st Division,Gen. de Div. Count Marchand,42nd Brigade,GM Prinz Emil,HD Gross und Erbprinz Regt.,SB; sub in XIII,Infantry,Heavy,h,5,2,Battalions,64,Painted,p,HD Gross und Erbprinz Regt. (SB) (sub in XIII),453
French,VI Corps,"Marshall Ney Prince de la Moscowa, Duc d'Elchingen",21st Division,Gen. de Div. Count Marchand,43rd Brigade,GM von Nagel,HD Leib Regt.,SB,Infantry,Heavy,h,6,2,Battalions,76,Painted,p,HD Leib Regt. (SB),455
French,VI Corps,"Marshall Ney Prince de la Moscowa, Duc d'Elchingen",21st Division,Gen. de Div. Count Marchand,43rd Brigade,GM von Nagel,HD Prinz Emil Regt.,SB; sub in XIII,Infantry,Heavy,h,5,2,Battalions,64,Painted,p,HD Prinz Emil Regt. (SB) (sub in XIII),456
French,VI Corps,"Marshall Ney Prince de la Moscowa, Duc d'Elchingen",21st Division,Gen. de Div. Count Marchand,43rd Brigade,GM von Nagel,HD Jager Batt.,SB; sub in XIII,Infantry,Light,r,6,1,Battalions,25,Painted,p,HD Jager Batt. (SB) (sub in XIII),457
French,VI Corps,"Marshall Ney Prince de la Moscowa, Duc d'Elchingen",21st Division,Gen. de Div. Count Marchand,43rd Brigade,GM von Nagel,HD Battery,8 pdrs.; GM,Artillery,,,4,4,Guns,9,Painted,p,HD Battery (8 pdrs.) (GM),458
French,VI Corps,"Marshall Ney Prince de la Moscowa, Duc d'Elchingen",3rd Division,Gen. de Div. Count Loison,5th Brigade,GM von Closmann,Berg 1st Regt.,GM,Infantry,Heavy,h,4,2,Battalions,55,Painted,p,Berg 1st Regt. (GM),464
French,VI Corps,"Marshall Ney Prince de la Moscowa, Duc d'Elchingen",3rd Division,Gen. de Div. Count Loison,5th Brigade,GM von Closmann,HD Gross und Erbprinz - Bis,GM,Infantry,Heavy,h,5,1,Battalions,31,Painted,p,HD Gross und Erbprinz - Bis (GM),465
French,VI Corps,"Marshall Ney Prince de la Moscowa, Duc d'Elchingen",3rd Division,Gen. de Div. Count Loison,5th Brigade,GM von Closmann,Baden 4th Regt.,sub in VI,Infantry,Heavy,h,4,1,Battalions,32,Painted,p,Baden 4th Regt. (sub in VI),466
French,VI Corps,"Marshall Ney Prince de la Moscowa, Duc d'Elchingen",3rd Division,Gen. de Div. Count Loison,6th Brigade,GM von Osten,4th Confederation of the Rhine,GM,Infantry,Heavy,h,3,3,Battalions,82,Painted,p,4th Confederation of the Rhine (GM),468
French,VI Corps,"Marshall Ney Prince de la Moscowa, Duc d'Elchingen",3rd Division,Gen. de Div. Count Loison,6th Brigade,GM von Osten,6th Confederation of the Rhine,GM,Infantry,Heavy,h,3,1,Battalions,40,Painted,p,6th Confederation of the Rhine (GM),469
French,VI Corps,"Marshall Ney Prince de la Moscowa, Duc d'Elchingen",3rd Division,Gen. de Div. Count Loison,6th Brigade,GM von Osten,Frankfurt Jagers,SB,Infantry,Light,r,4,1,Battalions,25,Painted,p,Frankfurt Jagers (SB),470
French,VI Corps,"Marshall Ney Prince de la Moscowa, Duc d'Elchingen",3rd Division,Gen. de Div. Count Loison,6th Brigade,GM von Osten,"8th Regt., 5th Co. Art. a Pied",,Artillery,,,5,4,Guns,9,Substitute,s,"8th Regt., 5th Co. Art. a Pied",471
French,VI Corps,"Marshall Ney Prince de la Moscowa, Duc d'Elchingen",13th Cavalry Division,Gen. de Div. Baron Auguste Colbert de Chabanais,27th Cav. Brigade,Gen. de Brig. Baron Lorcet,12th Chasseurs a Cheval,sub in III,Cavalry,Light,l,4,3,Squadrons,19,Painted,p,12th Chasseurs a Cheval (sub in III),477
French,VI Corps,"Marshall Ney Prince de la Moscowa, Duc d'Elchingen",13th Cavalry Division,Gen. de Div. Baron Auguste Colbert de Chabanais,27th Cav. Brigade,Gen. de Brig. Baron Lorcet,15th Chasseurs a Cheval,sub in III,Cavalry,Light,l,4,3,Squadrons,19,Painted,p,15th Chasseurs a Cheval (sub in III),478
French,VI Corps,"Marshall Ney Prince de la Moscowa, Duc d'Elchingen",13th Cavalry Division,Gen. de Div. Baron Auguste Colbert de Chabanais,28th Cav. Brigade,Gen. de Brig. Baron Delatre,HD Horse Jagers,SB,Cavalry,Light,l,7,4,Squadrons,25,Painted,p,HD Horse Jagers (SB),480
French,VI Corps,"Marshall Ney Prince de la Moscowa, Duc d'Elchingen",13th Cavalry Division,Gen. de Div. Baron Auguste Colbert de Chabanais,28th Cav. Brigade,Gen. de Brig. Baron Delatre,Lancers of Berg,sub in I,Cavalry,Light,l,7,2,Squadrons,17,Painted,p,Lancers of Berg (sub in I),481
French,VI Corps,"Marshall Ney Prince de la Moscowa, Duc d'Elchingen",13th Cavalry Division,Gen. de Div. Baron Auguste Colbert de Chabanais,28th Cav. Brigade,Gen. de Brig. Baron Delatre,"2nd Regt., 1st Co. Art. a Cheval",,Artillery,,,6,3,Guns,7,Painted,p,"2nd Regt., 1st Co. Art. a Cheval",482
French,VI Corps,"Marshall Ney Prince de la Moscowa, Duc d'Elchingen",Corps Artillery Reserve,,,,HD Battery,12 pdrs.; SB,Artillery,,,5,4,Guns,12,Painted,p,HD Battery (12 pdrs.) (SB),487
French,VII Corps,Marshall Augureau Duc de Castiglione,22nd Division,Gen. de Div. Desjardin,44th Brigade,Gen. de Brig. Lefranc,37th Ligne,,Infantry,Heavy,h,5,3,Battalions,90,Painted,p,37th Ligne,504
French,VII Corps,Marshall Augureau Duc de Castiglione,22nd Division,Gen. de Div. Desjardin,44th Brigade,Gen. de Brig. Lefranc,30th Legere,sub in XI,Infantry,Light,l,5,1,Battalions,29,Painted,p,30th Legere (sub in XI),505
French,VII Corps,Marshall Augureau Duc de Castiglione,22nd Division,Gen. de Div. Desjardin,45th Brigade,Gen. de Brig. Count Gerard,69th Ligne,sub in XI,Infantry,Heavy,h,5,3,Battalions,90,Painted,p,69th Ligne (sub in XI),507
French,VII Corps,Marshall Augureau Duc de Castiglione,22nd Division,Gen. de Div. Desjardin,45th Brigade,Gen. de Brig. Count Gerard,Irish Legion,sub in XI,Infantry,Heavy,h,3,1,Battalions,30,Painted,p,Irish Legion (sub in XI),508
French,VII Corps,Marshall Augureau Duc de Castiglione,22nd Division,Gen. de Div. Desjardin,45th Brigade,Gen. de Brig. Count Gerard,"3rd Regt., 4th Co. Art. a Pied",,Artillery,,,5,4,Guns,9,Painted,p,"3rd Regt., 4th Co. Art. a Pied",509
French,VII Corps,Marshall Augureau Duc de Castiglione,23rd Division,Gen. de Div. Count Heudelet de Bierre,46th Brigade,Gen. de Brig. Baron Amey,9th Ligne,sub in XI,Infantry,Heavy,h,5,3,Battalions,90,Painted,p,9th Ligne (sub in XI),515
French,VII Corps,Marshall Augureau Duc de Castiglione,23rd Division,Gen. de Div. Count Heudelet de Bierre,46th Brigade,Gen. de Brig. Baron Amey,1st Legere,sub in XI,Infantry,Light,l,5,1,Battalions,29,Painted,p,1st Legere (sub in XI),516
French,VII Corps,Marshall Augureau Duc de Castiglione,23rd Division,Gen. de Div. Count Heudelet de Bierre,46th Brigade,Gen. de Brig. Baron Amey,Penal Battalion,sub in XI,Infantry,Heavy,h,2,1,Battalions,26,Painted,p,Penal Battalion (sub in XI),517
French,VII Corps,Marshall Augureau Duc de Castiglione,23rd Division,Gen. de Div. Count Heudelet de Bierre,47th Brigade,Gen. de Brig. Baron Sarrut,24th Ligne,sub in XI,Infantry,Heavy,h,5,2,Battalions,60,Painted,p,24th Ligne (sub in XI),519
French,VII Corps,Marshall Augureau Duc de Castiglione,23rd Division,Gen. de Div. Count Heudelet de Bierre,47th Brigade,Gen. de Brig. Baron Sarrut,Foot Dragoons,DW; sub in XI,Infantry,Light,l,3,1,Battalions,40,Painted,p,Foot Dragoons (DW) (sub in XI),520
French,VII Corps,Marshall Augureau Duc de Castiglione,23rd Division,Gen. de Div. Count Heudelet de Bierre,47th Brigade,Gen. de Brig. Baron Sarrut,Coast Artillery Garrison,sub in XI,Infantry,Heavy,h,3,1,Battalions,30,Painted,p,Coast Artillery Garrison (sub in XI),521
French,VII Corps,Marshall Augureau Duc de Castiglione,23rd Division,Gen. de Div. Count Heudelet de Bierre,47th Brigade,Gen. de Brig. Baron Sarrut,"3rd Regt., 3rd Co. Art. a Pied",,Artillery,,,5,4,Guns,9,Painted,p,"3rd Regt., 3rd Co. Art. a Pied",522
French,VII Corps,Marshall Augureau Duc de Castiglione,13th Cavalry Division,Gen. de Div. Count Durosnel,29th Cav. Brigade,Gen. de Brig. Count Jean-Baptiste Corbineau,3rd Hussars (Bis),,Cavalry,Light,l,5,3,Squadrons,25,Painted,p,3rd Hussars (Bis),530
French,VII Corps,Marshall Augureau Duc de Castiglione,13th Cavalry Division,Gen. de Div. Count Durosnel,29th Cav. Brigade,Gen. de Brig. Count Jean-Baptiste Corbineau,8th Chevau Legere Lanciers,Polish,Cavalry,Light,l,4,2,Squadrons,17,Painted,p,8th Chevau Legere Lanciers (Polish),531
French,VII Corps,Marshall Augureau Duc de Castiglione,13th Cavalry Division,Gen. de Div. Count Durosnel,29th Cav. Brigade,Gen. de Brig. Baron Castex,27th Chasseurs,Chevau-legers d'Arenberg,Cavalry,Light,l,4,2,Squadrons,17,Painted,p,27th Chasseurs (Chevau-legers d'Arenberg),533
French,VII Corps,Marshall Augureau Duc de Castiglione,13th Cavalry Division,Gen. de Div. Count Durosnel,29th Cav. Brigade,Gen. de Brig. Baron Castex,9th Chevau Legere Lancier,,Cavalry,Light,l,4,2,Squadrons,17,Painted,p,9th Chevau Legere Lancier,534
French,VII Corps,Marshall Augureau Duc de Castiglione,13th Cavalry Division,Gen. de Div. Count Durosnel,29th Cav. Brigade,Gen. de Brig. Baron Castex,"6th Regt., 5th Co. Art. a Cheval",,Artillery,,,6,3,Guns,7,Painted,p,"6th Regt., 5th Co. Art. a Cheval",535
French,VIII (Wurtemburg) Corps,General de Divisione Count Vandamme de Unsebourg,33rd Division,GL von Neubronn,66th Brigade,GM von Scharffenstein,"Wurt. Regt. ""Leib""",,Infantry,Heavy,h,5,2,Battalions,52,Painted,p,"Wurt. Regt. ""Leib""",554
French,VIII (Wurtemburg) Corps,General de Divisione Count Vandamme de Unsebourg,33rd Division,GL von Neubronn,66th Brigade,GM von Scharffenstein,"Wurt. Regt. ""Kron Prinz"" 1st Batt.",,Infantry,Heavy,h,5,1,Battalions,26,Painted,p,"Wurt. Regt. ""Kron Prinz"" 1st Batt.",555
French,VIII (Wurtemburg) Corps,General de Divisione Count Vandamme de Unsebourg,33rd Division,GL von Neubronn,66th Brigade,GM von Scharffenstein,"Wurt. 7th Regt. ""von Neubronn"" Fusiliers 1st Batt.",,Infantry,Light,l,5,1,Battalions,26,Painted,p,"Wurt. 7th Regt. ""von Neubronn"" Fusiliers 1st Batt.",556
French,VIII (Wurtemburg) Corps,General de Divisione Count Vandamme de Unsebourg,33rd Division,GL von Neubronn,66th Brigade,GM von Scharffenstein,Wurt. Foot Battery #1,12 pdrs.,Artillery,,,4,4,Guns,12,Painted,p,Wurt. Foot Battery #1 (12 pdrs.),557
French,VIII (Wurtemburg) Corps,General de Divisione Count Vandamme de Unsebourg,33rd Division,GL von Neubronn,67th Brigade,GM von Franquemont,"Wurt. Regt. ""Herzog Wilhelm""",,Infantry,Heavy,h,5,2,Battalions,52,Painted,p,"Wurt. Regt. ""Herzog Wilhelm""",559
French,VIII (Wurtemburg) Corps,General de Divisione Count Vandamme de Unsebourg,33rd Division,GL von Neubronn,67th Brigade,GM von Franquemont,"Wurt. 5th Regt. ""Prinz Fredrich""",,Infantry,Heavy,h,5,2,Battalions,52,Painted,p,"Wurt. 5th Regt. ""Prinz Fredrich""",560
French,VIII (Wurtemburg) Corps,General de Divisione Count Vandamme de Unsebourg,33rd Division,GL von Neubronn,67th Brigade,GM von Franquemont,"Wurt. 7th Regt. ""von Neubronn"" Fusiliers 2nd Batt.",,Infantry,Light,l,5,1,Battalions,26,Painted,p,"Wurt. 7th Regt. ""von Neubronn"" Fusiliers 2nd Batt.",561
French,VIII (Wurtemburg) Corps,General de Divisione Count Vandamme de Unsebourg,33rd Division,GL von Neubronn,68th Brigade,GM von Hugel,"Wurt. Jager Batt. ""Koenig""",,Infantry,Light,r,6,1,Battalions,25,Painted,p,"Wurt. Jager Batt. ""Koenig""",563
French,VIII (Wurtemburg) Corps,General de Divisione Count Vandamme de Unsebourg,33rd Division,GL von Neubronn,68th Brigade,GM von Hugel,"Wurt. Jager Batt. ""von Neuffer""",,Infantry,Light,r,6,1,Battalions,25,Painted,p,"Wurt. Jager Batt. ""von Neuffer""",564
French,VIII (Wurtemburg) Corps,General de Divisione Count Vandamme de Unsebourg,33rd Division,GL von Neubronn,68th Brigade,GM von Hugel,"Wurt. Light Batt. ""von Wolff""",,Infantry,Light,s,6,1,Battalions,25,Painted,p,"Wurt. Light Batt. ""von Wolff""",565
French,VIII (Wurtemburg) Corps,General de Divisione Count Vandamme de Unsebourg,33rd Division,GL von Neubronn,68th Brigade,GM von Hugel,"Wurt. Light Batt. ""von Brusselle""",,Infantry,Light,s,6,1,Battalions,25,Painted,p,"Wurt. Light Batt. ""von Brusselle""",566
French,VIII (Wurtemburg) Corps,General de Divisione Count Vandamme de Unsebourg,33rd Division,GL von Neubronn,68th Brigade,GM von Hugel,Wurt. Horse Battery #2,,Artillery,,,5,3,Guns,7,Painted,p,Wurt. Horse Battery #2,567
French,VIII (Wurtemburg) Corps,General de Divisione Count Vandamme de Unsebourg,19th Cavalry Division,GL von Wollwarth,39th Cav. Brigade,GM von Roder,"Wurt. 2nd Chevau Legere ""Leib""",,Cavalry,Light,l,6,3,Squadrons,19,Painted,p,"Wurt. 2nd Chevau Legere ""Leib""",573
French,VIII (Wurtemburg) Corps,General de Divisione Count Vandamme de Unsebourg,19th Cavalry Division,GL von Wollwarth,39th Cav. Brigade,GM von Roder,"Wurt. 1st Chevau Legere ""Herzog Heinrich""",,Cavalry,Light,l,6,3,Squadrons,19,Painted,p,"Wurt. 1st Chevau Legere ""Herzog Heinrich""",574
French,VIII (Wurtemburg) Corps,General de Divisione Count Vandamme de Unsebourg,19th Cavalry Division,GL von Wollwarth,40th Cav. Brigade,GM von Stettner,"Wurt. Jager zu Pferd ""Koenig""","sub: Bav 2nd CL, from IX",Cavalry,Light,l,5,3,Squadrons,19,Substitute,s,"Wurt. Jager zu Pferd ""Koenig"" (sub: Bav 2nd CL, from IX)",576
French,VIII (Wurtemburg) Corps,General de Divisione Count Vandamme de Unsebourg,19th Cavalry Division,GL von Wollwarth,40th Cav. Brigade,GM von Stettner,"Wurt. Jager zu Pferd ""Louis Herzog""","sub: Bav 4th CL, from IX",Cavalry,Light,l,5,3,Squadrons,19,Substitute,s,"Wurt. Jager zu Pferd ""Louis Herzog"" (sub: Bav 4th CL, from IX)",577
French,VIII (Wurtemburg) Corps,General de Divisione Count Vandamme de Unsebourg,19th Cavalry Division,GL von Wollwarth,40th Cav. Brigade,GM von Stettner,Wurt. Horse Battery #1,,Artillery,,,5,3,Guns,7,Painted,p,Wurt. Horse Battery #1,578
French,IX (Saxon) Corps,General de Divisione Count Reynier,34th Division,GL von Zezschwitz,69th Brigade,GM von Hartitzsch,Saxon Leib Gren. Guard Batt.,,Infantry,Heavy,h,7,1,Battalions,26,Painted,p,Saxon Leib Gren. Guard Batt.,597
French,IX (Saxon) Corps,General de Divisione Count Reynier,34th Division,GL von Zezschwitz,69th Brigade,GM von Hartitzsch,Saxon Koenig Regt.,sub in VIII,Infantry,Heavy,h,3,2,Battalions,48,Painted,p,Saxon Koenig Regt. (sub in VIII),598
French,IX (Saxon) Corps,General de Divisione Count Reynier,34th Division,GL von Zezschwitz,69th Brigade,GM von Hartitzsch,"Saxon 1st Light ""Lecoq"" 1st Batt.",,Infantry,Light,l,4,1,Battalions,25,Unpainted,u,"Saxon 1st Light ""Lecoq"" 1st Batt.",599
French,IX (Saxon) Corps,General de Divisione Count Reynier,34th Division,GL von Zezschwitz,69th Brigade,GM von Hartitzsch,"Saxon ""Prinz"" Jagers",,Infantry,Light,r,6,1,Battalions,25,Painted,p,"Saxon ""Prinz"" Jagers",600
French,IX (Saxon) Corps,General de Divisione Count Reynier,34th Division,GL von Zezschwitz,69th Brigade,GM von Hartitzsch,Saxon Horse Battery,,Artillery,,,6,3,Guns,7,Substitute,s,Saxon Horse Battery,601
French,IX (Saxon) Corps,General de Divisione Count Reynier,34th Division,GL von Zezschwitz,70th Brigade,GM von Boxberg,"3rd Saxon Grenadier Batt. ""von Radeloff""",,Infantry,Heavy,h,5,1,Battalions,26,Painted,p,"3rd Saxon Grenadier Batt. ""von Radeloff""",603
French,IX (Saxon) Corps,General de Divisione Count Reynier,34th Division,GL von Zezschwitz,70th Brigade,GM von Boxberg,Saxon Prinz Anton Regt.,sub in VIII,Infantry,Heavy,h,3,2,Battalions,48,Painted,p,Saxon Prinz Anton Regt. (sub in VIII),604
French,IX (Saxon) Corps,General de Divisione Count Reynier,34th Division,GL von Zezschwitz,70th Brigade,GM von Boxberg,"Saxon 1st Light ""Lecoq"" 2nd Batt.",,Infantry,Light,l,4,1,Battalions,25,Unpainted,u,"Saxon 1st Light ""Lecoq"" 2nd Batt.",605
French,IX (Saxon) Corps,General de Divisione Count Reynier,34th Division,GL von Zezschwitz,70th Brigade,GM von Boxberg,Saxon Battery #1,,Artillery,,,3,3,Guns,7,Substitute,s,Saxon Battery #1,606
French,IX (Saxon) Corps,General de Divisione Count Reynier,35th Division,GL von Lecoq,71st Brigade,GM von Sahr,"1st Saxon Grenadier Batt. ""von Bose""",,Infantry,Heavy,h,7,1,Battalions,26,Unpainted,u,"1st Saxon Grenadier Batt. ""von Bose""",612
French,IX (Saxon) Corps,General de Divisione Count Reynier,35th Division,GL von Lecoq,71st Brigade,GM von Sahr,Saxon Pr. Maximilien Regt.,,Infantry,Heavy,h,3,2,Battalions,48,Unpainted,u,Saxon Pr. Maximilien Regt.,613
French,IX (Saxon) Corps,General de Divisione Count Reynier,35th Division,GL von Lecoq,71st Brigade,GM von Sahr,"Saxon 2nd Light ""von Sahr"" 1st Batt.",,Infantry,Light,l,4,1,Battalions,25,Unpainted,u,"Saxon 2nd Light ""von Sahr"" 1st Batt.",614
French,IX (Saxon) Corps,General de Divisione Count Reynier,35th Division,GL von Lecoq,71st Brigade,GM von Sahr,Saxon Horse Battery,,Artillery,,,6,3,Guns,7,Substitute,s,Saxon Horse Battery,615
French,IX (Saxon) Corps,General de Divisione Count Reynier,35th Division,GL von Lecoq,72nd Brigade,GM von Zeschau,"2nd Saxon Grenadier Batt. ""von Hacke""",,Infantry,Heavy,h,5,1,Battalions,26,Unpainted,u,"2nd Saxon Grenadier Batt. ""von Hacke""",617
French,IX (Saxon) Corps,General de Divisione Count Reynier,35th Division,GL von Lecoq,72nd Brigade,GM von Zeschau,Saxon von Dyherrn Regt.,,Infantry,Heavy,h,3,2,Battalions,48,Unpainted,u,Saxon von Dyherrn Regt.,618
French,IX (Saxon) Corps,General de Divisione Count Reynier,35th Division,GL von Lecoq,72nd Brigade,GM von Zeschau,"Saxon 2nd Light ""von Sahr"" 2nd Batt.",,Infantry,Light,l,4,1,Battalions,25,Unpainted,u,"Saxon 2nd Light ""von Sahr"" 2nd Batt.",619
French,IX (Saxon) Corps,General de Divisione Count Reynier,35th Division,GL von Lecoq,72nd Brigade,GM von Zeschau,Saxon Battery #2,,Artillery,,,3,3,Guns,7,Substitute,s,Saxon Battery #2,620
French,IX (Saxon) Corps,General de Divisione Count Reynier,20th Cavalry Division,Gen. de Div. Baron Lorge,41st Cav. Brigade,GM von Gutschmid,Saxon 1st Hussar Regt.,,Cavalry,Light,l,7,3,Squadrons,19,Painted,p,Saxon 1st Hussar Regt.,626
French,IX (Saxon) Corps,General de Divisione Count Reynier,20th Cavalry Division,Gen. de Div. Baron Lorge,41st Cav. Brigade,GM von Gutschmid,"Saxon Uhlan Regt. ""Prinz Clement""",,Cavalry,Light,l,6,3,Squadrons,19,Painted,p,"Saxon Uhlan Regt. ""Prinz Clement""",627
French,IX (Saxon) Corps,General de Divisione Count Reynier,20th Cavalry Division,Gen. de Div. Baron Lorge,43rd Cav. Brigade,GM Gablenz,"Saxon Chevaulegere Regt. ""Prinz Johann""",,Cavalry,Light,l,7,3,Squadrons,19,Painted,p,"Saxon Chevaulegere Regt. ""Prinz Johann""",629
French,IX (Saxon) Corps,General de Divisione Count Reynier,20th Cavalry Division,Gen. de Div. Baron Lorge,43rd Cav. Brigade,GM Gablenz,"Saxon Chevaulegere Regt. ""von Polenz""",,Cavalry,Light,l,7,3,Squadrons,19,Unpainted,u,"Saxon Chevaulegere Regt. ""von Polenz""",630
French,IX (Saxon) Corps,General de Divisione Count Reynier,20th Cavalry Division,Gen. de Div. Baron Lorge,43rd Cav. Brigade,GM Gablenz,Saxon Horse Battery,,Artillery,,,6,3,Guns,7,Painted,p,Saxon Horse Battery,631
French,X (Westphalian) Corps,H.R.H. Jerome Napoleon,29th Division,GL Baron Ochs,58th Brigade,GM Baron Wickenberg,West. Guard Grenadier 1st Batt.,sub in IT I,Infantry,Heavy,h,6,1,Battalions,34,Painted,p,West. Guard Grenadier 1st Batt. (sub in IT I),650
French,X (Westphalian) Corps,H.R.H. Jerome Napoleon,29th Division,GL Baron Ochs,58th Brigade,GM Baron Wickenberg,West. Guard Grenadier 2nd Batt.,GM; sub in IT I,Infantry,Heavy,h,6,1,Battalions,34,Painted,p,West. Guard Grenadier 2nd Batt. (GM)(sub in IT I),651
French,X (Westphalian) Corps,H.R.H. Jerome Napoleon,29th Division,GL Baron Ochs,58th Brigade,GM Baron Wickenberg,West. Guard Fusilier Regt.,Konigin,Infantry,Light,l,6,2,Battalions,52,Unpainted,u,West. Guard Fusilier Regt. (Konigin),652
French,X (Westphalian) Corps,H.R.H. Jerome Napoleon,29th Division,GL Baron Ochs,58th Brigade,GM Baron Wickenberg,West. Guard Jager,,Infantry,Light,l,6,1,Battalions,25,Painted,p,West. Guard Jager,653
French,X (Westphalian) Corps,H.R.H. Jerome Napoleon,29th Division,GL Baron Ochs,58th Brigade,GM Baron Wickenberg,West. Guard Art. a Pied,,Artillery,,,6,4,Guns,12,Painted,p,West. Guard Art. a Pied,654
French,X (Westphalian) Corps,H.R.H. Jerome Napoleon,29th Division,GL Baron Ochs,59th Brigade,Gen. de Brig. Damas,West. 1st Regt.,GM,Infantry,Heavy,h,3,1,Battalions,31,Painted,p,West. 1st Regt. (GM),656
French,X (Westphalian) Corps,H.R.H. Jerome Napoleon,29th Division,GL Baron Ochs,59th Brigade,Gen. de Brig. Damas,West. 2nd Regt.,DW,Infantry,Heavy,h,3,2,Battalions,60,Painted,p,West. 2nd Regt. (DW),657
French,X (Westphalian) Corps,H.R.H. Jerome Napoleon,29th Division,GL Baron Ochs,59th Brigade,Gen. de Brig. Damas,West. Jager Carabinier,,Infantry,Light,r,5,1,Battalions,17,Painted,p,West. Jager Carabinier,658
French,X (Westphalian) Corps,H.R.H. Jerome Napoleon,29th Division,GL Baron Ochs,59th Brigade,Gen. de Brig. Damas,West. Jager Carabinier (bis),,Infantry,Light,r,5,1,Battalions,17,Painted,p,West. Jager Carabinier (bis),659
French,X (Westphalian) Corps,H.R.H. Jerome Napoleon,29th Division,GL Baron Ochs,59th Brigade,Gen. de Brig. Damas,West. Art. a Pied 3rd Co.,,Artillery,,,4,3,Guns,7,Painted,p,West. Art. a Pied 3rd Co.,660
French,X (Westphalian) Corps,H.R.H. Jerome Napoleon,30th Division,GL Graf Bernterode,60th Brigade,GM Wellingerode,West. 2nd Regt.,,Infantry,Heavy,h,3,2,Battalions,52,Painted,p,West. 2nd Regt.,666
French,X (Westphalian) Corps,H.R.H. Jerome Napoleon,30th Division,GL Graf Bernterode,60th Brigade,GM Wellingerode,West. 6th Regt.,,Infantry,Heavy,h,3,2,Battalions,52,Substitute,s,West. 6th Regt.,667
French,X (Westphalian) Corps,H.R.H. Jerome Napoleon,30th Division,GL Graf Bernterode,60th Brigade,GM Wellingerode,West. 3rd Light Batt.,,Infantry,Light,l,4,1,Battalions,25,Substitute,s,West. 3rd Light Batt.,668
French,X (Westphalian) Corps,H.R.H. Jerome Napoleon,30th Division,GL Graf Bernterode,61st Brigade,Gen. de Brig. Legras,West. 3rd Regt.,"sub: Berg 1st Regt., from IX",Infantry,Heavy,h,3,2,Battalions,52,Substitute,s,"West. 3rd Regt. (sub: Berg 1st Regt., from IX)",670
French,X (Westphalian) Corps,H.R.H. Jerome Napoleon,30th Division,GL Graf Bernterode,61st Brigade,Gen. de Brig. Legras,West. 7th Regt.,"sub: Berg 2nd Regt., from IX",Infantry,Heavy,h,3,2,Battalions,52,Substitute,s,"West. 7th Regt. (sub: Berg 2nd Regt., from IX)",671
French,X (Westphalian) Corps,H.R.H. Jerome Napoleon,30th Division,GL Graf Bernterode,61st Brigade,Gen. de Brig. Legras,West. 2nd Light Batt.,,Infantry,Light,l,4,1,Battalions,25,Substitute,s,West. 2nd Light Batt.,672
French,X (Westphalian) Corps,H.R.H. Jerome Napoleon,30th Division,GL Graf Bernterode,61st Brigade,Gen. de Brig. Legras,West. Art. a Pied 2nd Co.,,Artillery,,,4,3,Guns,7,Unpainted,u,West. Art. a Pied 2nd Co.,673
French,X (Westphalian) Corps,H.R.H. Jerome Napoleon,17th Cavalry Division,Gen. de Div. Baron Chastel,35th Cav. Brigade,GM von Wolf,Westphalian Guard du Corps,,Cavalry,Heavy,h,6,2,Squadrons,21,Painted,p,Westphalian Guard du Corps,679
French,X (Westphalian) Corps,H.R.H. Jerome Napoleon,17th Cavalry Division,Gen. de Div. Baron Chastel,35th Cav. Brigade,GM von Wolf,Westphalian Guard Hussars,sub in II,Cavalry,Light,l,6,4,Squadrons,25,Painted,p,Westphalian Guard Hussars (sub in II),680
French,X (Westphalian) Corps,H.R.H. Jerome Napoleon,17th Cavalry Division,Gen. de Div. Baron Chastel,36th Cav. Brigade,GM von Hammerstein,Westphalian 2nd Hussars,sub in II,Cavalry,Light,l,6,4,Squadrons,25,Painted,p,Westphalian 2nd Hussars (sub in II),682
French,X (Westphalian) Corps,H.R.H. Jerome Napoleon,17th Cavalry Division,Gen. de Div. Baron Chastel,36th Cav. Brigade,GM von Hammerstein,Westphalian 1st Chevaulegere Lancers,,Cavalry,Light,l,5,4,Squadrons,25,Painted,p,Westphalian 1st Chevaulegere Lancers,683
French,X (Westphalian) Corps,H.R.H. Jerome Napoleon,17th Cavalry Division,Gen. de Div. Baron Chastel,36th Cav. Brigade,GM von Hammerstein,West. Guard Art. a Cheval,,Artillery,,,6,3,Guns,7,Painted,p,West. Guard Art. a Cheval,684
French,XI Corps,Marshall Marmont Duc de Raguse,33rd Division,Gen. de Div. Count Compans,69th Brigade,Gen. de Brig. Baron Cacault,1st Marine Artillery Regt.,,Infantry,Heavy,h,5,2,Battalions,52,Unpainted,u,1st Marine Artillery Regt.,702
French,XI Corps,Marshall Marmont Duc de Raguse,33rd Division,Gen. de Div. Count Compans,69th Brigade,Gen. de Brig. Baron Cacault,2nd Marine Artillery Regt.,,Infantry,Light,l,5,2,Battalions,52,Unpainted,u,2nd Marine Artillery Regt.,703
French,XI Corps,Marshall Marmont Duc de Raguse,33rd Division,Gen. de Div. Count Compans,70th Brigade,Gen. de Brig. Baron Joubert,20th Prov. Ligne Regt.,"5th Batt. 66th, 3rd Batt. 122nd; sub: from II",Infantry,Heavy,h,3,2,Battalions,52,Unpainted,u,"20th Prov. Ligne Regt. (5th Batt. 66th, 3rd Batt. 122nd) (sub: from II)",705
French,XI Corps,Marshall Marmont Duc de Raguse,33rd Division,Gen. de Div. Count Compans,70th Brigade,Gen. de Brig. Baron Joubert,25th Prov. Ligne Regt.,2nd/3rd Batts. 32nd Legere; sub: from II,Infantry,Heavy,h,3,2,Battalions,50,Unpainted,u,25th Prov. Ligne Regt. (2nd/3rd Batts. 32nd Legere) (sub: from II),706
French,XI Corps,Marshall Marmont Duc de Raguse,33rd Division,Gen. de Div. Count Compans,70th Brigade,Gen. de Brig. Baron Joubert,"3rd Regt., 4th Co. Art. a Pied",,Artillery,,,5,4,Guns,9,Painted,p,"3rd Regt., 4th Co. Art. a Pied",707
French,XI Corps,Marshall Marmont Duc de Raguse,34th (Dutch) Division,Gen. de Div. Count Dumonceau,71st Brigade,Gen. de Brig. van Heldring,Dutch 4th Regt.,,Infantry,Heavy,h,3,2,Battalions,48,Unpainted,u,Dutch 4th Regt.,713
French,XI Corps,Marshall Marmont Duc de Raguse,34th (Dutch) Division,Gen. de Div. Count Dumonceau,71st Brigade,Gen. de Brig. van Heldring,Dutch 6th Regt.,,Infantry,Heavy,h,3,2,Battalions,48,Unpainted,u,Dutch 6th Regt.,714
French,XI Corps,Marshall Marmont Duc de Raguse,34th (Dutch) Division,Gen. de Div. Count Dumonceau,71st Brigade,Gen. de Brig. van Heldring,Dutch 2nd Jager Batt.,,Infantry,Light,l,4,1,Battalions,23,Unpainted,u,Dutch 2nd Jager Batt.,715
French,XI Corps,Marshall Marmont Duc de Raguse,34th (Dutch) Division,Gen. de Div. Count Dumonceau,72nd Brigade,Gen. de Brig. van Hadel,Dutch 7th Regt.,,Infantry,Heavy,h,3,2,Battalions,48,Unpainted,u,Dutch 7th Regt.,717
French,XI Corps,Marshall Marmont Duc de Raguse,34th (Dutch) Division,Gen. de Div. Count Dumonceau,72nd Brigade,Gen. de Brig. van Hadel,Dutch 9th Regt.,,Infantry,Heavy,h,3,2,Battalions,48,Unpainted,u,Dutch 9th Regt.,718
French,XI Corps,Marshall Marmont Duc de Raguse,34th (Dutch) Division,Gen. de Div. Count Dumonceau,72nd Brigade,Gen. de Brig. van Hadel,Dutch 3rd Jager Batt.,,Infantry,Light,l,4,1,Battalions,23,Unpainted,u,Dutch 3rd Jager Batt.,719
French,XI Corps,Marshall Marmont Duc de Raguse,34th (Dutch) Division,Gen. de Div. Count Dumonceau,72nd Brigade,Gen. de Brig. van Hadel,Dutch Foot Battery,,Artillery,,,4,4,Guns,9,Unpainted,u,Dutch Foot Battery,720
French,XI Corps,Marshall Marmont Duc de Raguse,17th Cavalry Division,Gen. de Div. Baron Lacoste,36th Cav. Brigade,Gen. de Brig. Baron Briche,3rd Chasseurs a Cheval,"sub: 1st CC, from III",Cavalry,Light,l,4,3,Squadrons,19,Substitute,s,"3rd Chasseurs a Cheval (sub: 1st CC, from III)",728
French,XI Corps,Marshall Marmont Duc de Raguse,17th Cavalry Division,Gen. de Div. Baron Lacoste,36th Cav. Brigade,Gen. de Brig. Baron Briche,6th Chasseurs a Cheval,"sub: 5th CC, from III",Cavalry,Light,l,4,4,Squadrons,25,Substitute,s,"6th Chasseurs a Cheval (sub: 5th CC, from III)",729
French,XI Corps,Marshall Marmont Duc de Raguse,17th Cavalry Division,Gen. de Div. Baron Lacoste,37th (Dutch) Cav. Brigade,Gen. de Brig. Quaita,11th Hussars,2nd Dutch,Cavalry,Light,l,5,4,Squadrons,25,Painted,p,11th Hussars (2nd Dutch),731
French,XI Corps,Marshall Marmont Duc de Raguse,17th Cavalry Division,Gen. de Div. Baron Lacoste,37th (Dutch) Cav. Brigade,Gen. de Brig. Quaita,"2nd ""Dutch"" Cuirassier Regt.",14th French,Cavalry,Light,l,5,3,Squadrons,25,Unpainted,u,"2nd ""Dutch"" Cuirassier Regt. (14th French)",732
French,XI Corps,Marshall Marmont Duc de Raguse,17th Cavalry Division,Gen. de Div. Baron Lacoste,37th (Dutch) Cav. Brigade,Gen. de Brig. Quaita,"6th Regt., 5th Co. Art. a Cheval",,Artillery,,,6,3,Guns,7,Painted,p,"6th Regt., 5th Co. Art. a Cheval",733
French,XII (Bavarian) Corps,General de Divisione Marquis de Gouvion-St. Cyr,31st Division,GL Baron von Deroy,62nd Brigade,GM Baron von Rechberg,Bav. Guard Grenadier,,Infantry,Heavy,h,6,1,Battalions,32,Painted,p,Bav. Guard Grenadier,752
French,XII (Bavarian) Corps,General de Divisione Marquis de Gouvion-St. Cyr,31st Division,GL Baron von Deroy,62nd Brigade,GM Baron von Rechberg,"Bav. 9th ""Ysenburg"" Regt.",,Infantry,Heavy,h,4,2,Battalions,52,Painted,p,"Bav. 9th ""Ysenburg"" Regt.",753
French,XII (Bavarian) Corps,General de Divisione Marquis de Gouvion-St. Cyr,31st Division,GL Baron von Deroy,62nd Brigade,GM Baron von Rechberg,"Bav. 1st ""von Habermann"" Light Batt.",,Infantry,Light,l,4,1,Battalions,25,Painted,p,"Bav. 1st ""von Habermann"" Light Batt.",754
French,XII (Bavarian) Corps,General de Divisione Marquis de Gouvion-St. Cyr,31st Division,GL Baron von Deroy,62nd Brigade,GM Baron von Rechberg,Bavarian Battery #1,12 pdrs.,Artillery,,,5,3,Guns,9,Painted,p,Bavarian Battery #1 (12 pdrs.),755
French,XII (Bavarian) Corps,General de Divisione Marquis de Gouvion-St. Cyr,31st Division,GL Baron von Deroy,63rd Brigade,GM Baron Stengel,Bav. 4th Regt.,GM,Infantry,Heavy,h,4,1,Battalions,27,Painted,p,Bav. 4th Regt. (GM),757
French,XII (Bavarian) Corps,General de Divisione Marquis de Gouvion-St. Cyr,31st Division,GL Baron von Deroy,63rd Brigade,GM Baron Stengel,Bav. 14th Regt.,,Infantry,Heavy,h,4,2,Battalions,52,Painted,p,Bav. 14th Regt.,758
French,XII (Bavarian) Corps,General de Divisione Marquis de Gouvion-St. Cyr,31st Division,GL Baron von Deroy,63rd Brigade,GM Baron Stengel,"Bav. 3rd ""von Bernclau"" Light Batt.",,Infantry,Light,l,4,1,Battalions,25,Painted,p,"Bav. 3rd ""von Bernclau"" Light Batt.",759
French,XII (Bavarian) Corps,General de Divisione Marquis de Gouvion-St. Cyr,31st Division,GL Baron von Deroy,63rd Brigade,GM Baron Stengel,Bavarian Battery #2,,Artillery,,,4,3,Guns,7,Painted,p,Bavarian Battery #2,760
French,XII (Bavarian) Corps,General de Divisione Marquis de Gouvion-St. Cyr,32nd Division,GL Count von Wrede,64th Brigade,GM Baron von Minucci,"Bav. 1st ""Leib"" Regt.",,Infantry,Heavy,h,5,2,Battalions,52,Painted,p,"Bav. 1st ""Leib"" Regt.",766
French,XII (Bavarian) Corps,General de Divisione Marquis de Gouvion-St. Cyr,32nd Division,GL Count von Wrede,64th Brigade,GM Baron von Minucci,"Bav. 2nd ""Kron Prinz"" Regt.",,Infantry,Heavy,h,4,2,Battalions,52,Painted,p,"Bav. 2nd ""Kron Prinz"" Regt.",767
French,XII (Bavarian) Corps,General de Divisione Marquis de Gouvion-St. Cyr,32nd Division,GL Count von Wrede,64th Brigade,GM Baron von Minucci,"Bav. 6th ""von La Roche"" Light Batt.",,Infantry,Light,l,4,1,Battalions,25,Painted,p,"Bav. 6th ""von La Roche"" Light Batt.",768
French,XII (Bavarian) Corps,General de Divisione Marquis de Gouvion-St. Cyr,32nd Division,GL Count von Wrede,64th Brigade,GM Baron von Minucci,Bavarian Battery #3,,Artillery,,,4,3,Guns,6,Painted,p,Bavarian Battery #3,769
French,XII (Bavarian) Corps,General de Divisione Marquis de Gouvion-St. Cyr,32nd Division,GL Count von Wrede,65th Brigade,GM Baron von Beckers,"Bav. 11th ""Kinkel"" Regt.",,Infantry,Heavy,h,4,2,Battalions,52,Painted,p,"Bav. 11th ""Kinkel"" Regt.",771
French,XII (Bavarian) Corps,General de Divisione Marquis de Gouvion-St. Cyr,32nd Division,GL Count von Wrede,65th Brigade,GM Baron von Beckers,"Bav. 7th ""von Gunther"" Light Batt.",,Infantry,Light,l,4,1,Battalions,25,Painted,p,"Bav. 7th ""von Gunther"" Light Batt.",772
French,XII (Bavarian) Corps,General de Divisione Marquis de Gouvion-St. Cyr,32nd Division,GL Count von Wrede,65th Brigade,GM Baron von Beckers,Bav. Jager Corps,,Infantry,Light,r,4,1,Battalions,25,Unpainted,u,Bav. Jager Corps,773
French,XII (Bavarian) Corps,General de Divisione Marquis de Gouvion-St. Cyr,32nd Division,GL Count von Wrede,65th Brigade,GM Baron von Beckers,Bav. Horse Battery #2,,Artillery,,,5,3,Guns,7,Painted,p,Bav. Horse Battery #2,774
French,XII (Bavarian) Corps,General de Divisione Marquis de Gouvion-St. Cyr,16th Cavalry Division,GL von Zandt,33rd Cav. Brigade,GM Graf Preysing,"Bav. 2nd Chevau Legere ""Koenig""",sub in XII,Cavalry,Light,l,5,3,Squadrons,19,Painted,p,"Bav. 2nd Chevau Legere ""Koenig"" (sub in XII)",780
French,XII (Bavarian) Corps,General de Divisione Marquis de Gouvion-St. Cyr,16th Cavalry Division,GL von Zandt,33rd Cav. Brigade,GM Graf Preysing,"Bav. 4th Chevau Legere ""Bubenhofen""",sub in XII,Cavalry,Light,l,5,3,Squadrons,19,Painted,p,"Bav. 4th Chevau Legere ""Bubenhofen"" (sub in XII)",781
French,XII (Bavarian) Corps,General de Divisione Marquis de Gouvion-St. Cyr,16th Cavalry Division,GL von Zandt,34th Cav. Brigade,GM Baron Vieregg,Bav. Uhlan Regt.,,Cavalry,Light,l,5,3,Squadrons,19,Painted,p,Bav. Uhlan Regt.,783
French,XII (Bavarian) Corps,General de Divisione Marquis de Gouvion-St. Cyr,16th Cavalry Division,GL von Zandt,34th Cav. Brigade,GM Baron Vieregg,Bav. 2nd Dragoon Regt.,,Cavalry,Medium,m,4,3,Squadrons,19,Unpainted,u,Bav. 2nd Dragoon Regt.,784
French,XII (Bavarian) Corps,General de Divisione Marquis de Gouvion-St. Cyr,16th Cavalry Division,GL von Zandt,35th Cav. Brigade,BM Baron Seydewitz,Bav. Guard du Corps,,Cavalry,Heavy,h,6,3,Squadrons,19,Painted,p,Bav. Guard du Corps,786
French,XII (Bavarian) Corps,General de Divisione Marquis de Gouvion-St. Cyr,16th Cavalry Division,GL von Zandt,35th Cav. Brigade,BM Baron Seydewitz,Bav. 1st Kurassier,,Cavalry,Heavy,h,5,3,Squadrons,19,Painted,p,Bav. 1st Kurassier,787
French,XII (Bavarian) Corps,General de Divisione Marquis de Gouvion-St. Cyr,16th Cavalry Division,GL von Zandt,35th Cav. Brigade,BM Baron Seydewitz,Bav. Horse Battery #1,,Artillery,,,5,3,Guns,6,Painted,p,Bav. Horse Battery #1,788
French,XIII Corps,Marshall Massena Prince d'Essling,33rd Division,Gen. de Div. Count Molitor,69th Brigade,Gen. de Brig. Baron Leguay,2nd Ligne,sub 34th from V Corps,Infantry,Heavy,h,6,2,Battalions,52,Substitute,s,2nd Ligne  (sub 34th from V Corps),808
French,XIII Corps,Marshall Massena Prince d'Essling,33rd Division,Gen. de Div. Count Molitor,69th Brigade,Gen. de Brig. Baron Leguay,16th Ligne,sub 40th from V Corps,Infantry,Light,l,5,2,Battalions,52,Substitute,s,16th Ligne (sub 40th from V Corps),809
French,XIII Corps,Marshall Massena Prince d'Essling,33rd Division,Gen. de Div. Count Molitor,70th Brigade,Gen. de Brig. Viviez,67th Ligne,sub 64th from V Corps,Infantry,Heavy,h,5,2,Battalions,52,Substitute,s,67th Ligne (sub 64th from V Corps),811
French,XIII Corps,Marshall Massena Prince d'Essling,33rd Division,Gen. de Div. Count Molitor,70th Brigade,Gen. de Brig. Viviez,26th Legere,sub 21st from V Corps,Infantry,Heavy,h,6,2,Battalions,52,Substitute,s,26th Legere (sub 21st from V Corps),812
French,XIII Corps,Marshall Massena Prince d'Essling,33rd Division,Gen. de Div. Count Molitor,70th Brigade,Gen. de Brig. Viviez,"1st Regt., 6th Co. Art. a Pied",,Artillery,,,5,4,Guns,9,Substitute,s,"1st Regt., 6th Co. Art. a Pied",813
French,XIII Corps,Marshall Massena Prince d'Essling,33rd Division,Gen. de Div. Count Molitor,70th Brigade,Gen. de Brig. Viviez,"6th Regt., 1st Co. Art. a Cheval",,Artillery,,,6,3,Guns,7,Substitute,s,"6th Regt., 1st Co. Art. a Cheval",814
French,XIII Corps,Marshall Massena Prince d'Essling,34th Division,Gen. de Div. Count Boudet,71st Brigade,Gen. de Brig. Baron Fririon,3rd Legere,sub 28th from V Corps,Infantry,Heavy,h,5,2,Battalions,50,Substitute,s,3rd Legere (sub 28th from V Corps),820
French,XIII Corps,Marshall Massena Prince d'Essling,34th Division,Gen. de Div. Count Boudet,71st Brigade,Gen. de Brig. Baron Fririon,4th Ligne,sub 88th from V Corps,Infantry,Light,l,5,2,Battalions,50,Substitute,s,4th Ligne (sub 88th from V Corps),821
French,XIII Corps,Marshall Massena Prince d'Essling,34th Division,Gen. de Div. Count Boudet,72nd Brigade,Gen. de Brig. Baron Valory,56th Ligne,sub 100th from V Corps,Infantry,Heavy,h,5,2,Battalions,52,Substitute,s,56th Ligne (sub 100th from V Corps),823
French,XIII Corps,Marshall Massena Prince d'Essling,34th Division,Gen. de Div. Count Boudet,72nd Brigade,Gen. de Brig. Baron Valory,93rd Ligne,sub 103rd from V Corps,Infantry,Light,l,5,2,Battalions,52,Substitute,s,93rd Ligne (sub 103rd from V Corps),824
French,XIII Corps,Marshall Massena Prince d'Essling,34th Division,Gen. de Div. Count Boudet,72nd Brigade,Gen. de Brig. Baron Valory,"1st Regt., 10th Co. Art. a Pied",,Artillery,,,5,4,Guns,9,Substitute,s,"1st Regt., 10th Co. Art. a Pied",825
French,XIII Corps,Marshall Massena Prince d'Essling,35th (Baden) Division,Gen. de Div. Baron Carra Saint-Cyr,71st Brigade,GM von Hochberg,"Baden 1st Leib Regt. ""Grossherzog""",,Infantry,Heavy,h,5,2,Battalions,60,Unpainted,u,"Baden 1st Leib Regt. ""Grossherzog""",831
French,XIII Corps,Marshall Massena Prince d'Essling,35th (Baden) Division,Gen. de Div. Baron Carra Saint-Cyr,71st Brigade,GM von Hochberg,"Baden Jager Batt. ""Lingg""",,Infantry,Light,r,6,1,Battalions,31,Painted,p,"Baden Jager Batt. ""Lingg""",832
French,XIII Corps,Marshall Massena Prince d'Essling,35th (Baden) Division,Gen. de Div. Baron Carra Saint-Cyr,71st Brigade,GM von Hochberg,Baden 12-pound Battery,,Artillery,,,5,4,Guns,12,Substitute,s,Baden 12-pound Battery,833
French,XIII Corps,Marshall Massena Prince d'Essling,35th (Baden) Division,Gen. de Div. Baron Carra Saint-Cyr,71st Brigade,GM von Harrant,"Baden 2nd Regt. ""Erbgrossherzog""",,Infantry,Heavy,h,5,2,Battalions,60,Painted,p,"Baden 2nd Regt. ""Erbgrossherzog""",835
French,XIII Corps,Marshall Massena Prince d'Essling,35th (Baden) Division,Gen. de Div. Baron Carra Saint-Cyr,71st Brigade,GM von Harrant,"Baden 3rd Regt. ""Graf Hochberg""",,Infantry,Heavy,h,5,2,Battalions,60,Unpainted,u,"Baden 3rd Regt. ""Graf Hochberg""",836
French,XIII Corps,Marshall Massena Prince d'Essling,17th Cavalry Division,Gen. de Div. Baron Mermet,24th Cav. Brigade,Gen. de Brig. Count Saint-Croix,12th Hussars,,Cavalry,Light,l,6,3,Squadrons,19,Unpainted,u,12th Hussars,842
French,XIII Corps,Marshall Massena Prince d'Essling,17th Cavalry Division,Gen. de Div. Baron Mermet,24th Cav. Brigade,Gen. de Brig. Count Saint-Croix,4th Chevau Legere,,Cavalry,Light,l,5,3,Squadrons,19,Unpainted,u,4th Chevau Legere,843
French,XIII Corps,Marshall Massena Prince d'Essling,17th Cavalry Division,Gen. de Div. Baron Mermet,25th Cav. Brigade,Gen. de Brig. Count Girardin,13th Chasseurs a Cheval,"sub: 12th CC, from VI",Cavalry,Light,l,4,3,Squadrons,19,Substitute,s,"13th Chasseurs a Cheval (sub: 12th CC, from VI)",845
French,XIII Corps,Marshall Massena Prince d'Essling,17th Cavalry Division,Gen. de Div. Baron Mermet,25th Cav. Brigade,Gen. de Brig. Count Girardin,16th Chasseurs a Cheval,"sub: 15th CC, from VI",Cavalry,Light,l,4,3,Squadrons,19,,x,"16th Chasseurs a Cheval (sub: 15th CC, from VI)",846
French,XIII Corps,Marshall Massena Prince d'Essling,17th Cavalry Division,Gen. de Div. Baron Mermet,4Xrd Cav. Brigade,Gen. de Brig. Baron Fournier-Sarlovese,Grand Duke of Baden Hussars,,Cavalry,Light,l,7,4,Squadrons,25,Painted,p,Grand Duke of Baden Hussars,848
French,XIII Corps,Marshall Massena Prince d'Essling,17th Cavalry Division,Gen. de Div. Baron Mermet,4Xrd Cav. Brigade,Gen. de Brig. Baron Fournier-Sarlovese,Baden Light Dragoons,,Cavalry,Light,l,6,3,Squadrons,19,Painted,p,Baden Light Dragoons,849
French,XIII Corps,Marshall Massena Prince d'Essling,17th Cavalry Division,Gen. de Div. Baron Mermet,4Xrd Cav. Brigade,Gen. de Brig. Baron Fournier-Sarlovese,Baden Horse Battery,,Artillery,,,5,3,Guns,7,Painted,p,Baden Horse Battery,850
French,XIV Corps,Prince Frederick von Hesse,,,66th Brigade,Oberst von Waldeck,Danish Holstein Sharpshooter Corps,,Infantry,Light,r,4,2,Battalions,50,Unpainted,u,Danish Holstein Sharpshooter Corps,868
French,XIV Corps,Prince Frederick von Hesse,,,66th Brigade,Oberst von Waldeck,Danish Schleswig Jager Corps,1st Batt.,Infantry,Light,r,4,1,Battalions,25,Unpainted,u,Danish Schleswig Jager Corps (1st Batt.),869
French,XIV Corps,Prince Frederick von Hesse,,,66th Brigade,Oberst von Waldeck,Danish Jutland Regt.,sub:1st & 4th Swiss,Infantry,Heavy,h,3,2,Battalions,60,Substitute,s,Danish Jutland Regt. (sub:1st & 4th Swiss),870
French,XIV Corps,Prince Frederick von Hesse,,,66th Brigade,Oberst von Waldeck,Dan. Horse Battery #2,,Artillery,,,5,3,Guns,7,Substitute,s,Dan. Horse Battery #2,871
French,XIV Corps,Prince Frederick von Hesse,,,67th Brigade,GM von der Schulenburg,Danish Royal Guard,,Infantry,Heavy,h,6,2,Battalions,76,Painted,p,Danish Royal Guard,873
French,XIV Corps,Prince Frederick von Hesse,,,67th Brigade,GM von der Schulenburg,Danish King's Lifjager Corp,,Infantry,Light,r,5,1,Battalions,17,Painted,p,Danish King's Lifjager Corp,874
French,XIV Corps,Prince Frederick von Hesse,,,67th Brigade,GM von der Schulenburg,Danish Funen Regt.,Sub: 3rd Swiss,Infantry,Heavy,h,3,1,Battalions,28,Substitute,s,Danish Funen Regt. (Sub: 3rd Swiss),875
French,XIV Corps,Prince Frederick von Hesse,,,67th Brigade,GM von der Schulenburg,Danish Louise Augusta Leibjager Co.,,Infantry,Light,r,4,0.5,Battalions,13,Unpainted,u,Danish Louise Augusta Leibjager Co.,876
French,XIV Corps,Prince Frederick von Hesse,,,67th Brigade,GM von der Schulenburg,Danish Artillery Battery,6 pdrs.,Artillery,,,4,3,Guns,7,Painted,p,Danish Artillery Battery (6 pdrs.),877
French,XIV Corps,Prince Frederick von Hesse,,,68th Brigade,GM von Lesson,Danish Oldenburg Regt.,sub: 2nd Swiss,Infantry,Heavy,h,3,2,Battalions,58,Substitute,s,Danish Oldenburg Regt. (sub: 2nd Swiss),879
French,XIV Corps,Prince Frederick von Hesse,,,68th Brigade,GM von Lesson,Danish Holstein Regt.,,Infantry,Heavy,h,3,2,Battalions,55,Painted,p,Danish Holstein Regt.,880
French,XIV Corps,Prince Frederick von Hesse,,,68th Brigade,GM von Lesson,Danish Schleswig Jager Corps,2nd Batt.,Infantry,Light,r,4,1,Battalions,25,Unpainted,u,Danish Schleswig Jager Corps (2nd Batt.),881
French,XIV Corps,Prince Frederick von Hesse,,,68th Brigade,GM von Lesson,Altona Jager-Grenadier Co.,,Infantry,Light,r,5,0.5,Battalions,13,Unpainted,u,Altona Jager-Grenadier Co.,882
French,XIV Corps,Prince Frederick von Hesse,,,39th Cav. Brigade,Oberst von Abercron,Danish Royal Horse Guards,,Cavalry,Medium,m,5,4,Squadrons,25,Painted,p,Danish Royal Horse Guards,888
French,XIV Corps,Prince Frederick von Hesse,,,39th Cav. Brigade,Oberst von Abercron,Danish Hussar Regt.,,Cavalry,Light,l,4,4,Squadrons,25,Painted,p,Danish Hussar Regt.,889
French,XIV Corps,Prince Frederick von Hesse,,,39th Cav. Brigade,Oberst von Abercron,Danish Jutland Light Dragoons,,Cavalry,Light,l,4,4,Squadrons,25,Painted,p,Danish Jutland Light Dragoons,890
French,XIV Corps,Prince Frederick von Hesse,,,39th Cav. Brigade,Oberst von Abercron,Dan. Horse Battery #1,,Artillery,,,5,3,Guns,7,Substitute,s,Dan. Horse Battery #1,891
French,Cavalry Reserve,"Marshall Murat, Grand Duke of Berg",1st (Cuirassier) Division,Gen. de Div. Count Nansouty,1st Cav. Brigade,Gen. de Brig. Count Defrance,1st Caribinier,,Cavalry,Heavy,h,7,4,Squadrons,33,Painted,p,1st Caribinier,916
French,Cavalry Reserve,"Marshall Murat, Grand Duke of Berg",1st (Cuirassier) Division,Gen. de Div. Count Nansouty,1st Cav. Brigade,Gen. de Brig. Count Defrance,2nd Caribinier,,Cavalry,Heavy,h,7,4,Squadrons,33,Painted,p,2nd Caribinier,917
French,Cavalry Reserve,"Marshall Murat, Grand Duke of Berg",1st (Cuirassier) Division,Gen. de Div. Count Nansouty,2nd Cav. Brigade,Gen. de Brig. Baron Doumerc,1st Cuirassiers,,Cavalry,Heavy,h,6,4,Squadrons,33,Painted,p,1st Cuirassiers,919
French,Cavalry Reserve,"Marshall Murat, Grand Duke of Berg",1st (Cuirassier) Division,Gen. de Div. Count Nansouty,2nd Cav. Brigade,Gen. de Brig. Baron Doumerc,8th Cuirassiers,,Cavalry,Heavy,h,6,4,Squadrons,33,Painted,p,8th Cuirassiers,920
French,Cavalry Reserve,"Marshall Murat, Grand Duke of Berg",1st (Cuirassier) Division,Gen. de Div. Count Nansouty,3rd Cav. Brigade,Gen. de Brig. Count Saint-Germaine,4th Cuirassiers,,Cavalry,Heavy,h,6,4,Squadrons,33,Painted,p,4th Cuirassiers,922
French,Cavalry Reserve,"Marshall Murat, Grand Duke of Berg",1st (Cuirassier) Division,Gen. de Div. Count Nansouty,3rd Cav. Brigade,Gen. de Brig. Count Saint-Germaine,10th Cuirassiers,,Cavalry,Heavy,h,6,4,Squadrons,33,Painted,p,10th Cuirassiers,923
French,Cavalry Reserve,"Marshall Murat, Grand Duke of Berg",1st (Cuirassier) Division,Gen. de Div. Count Nansouty,3rd Cav. Brigade,Gen. de Brig. Count Saint-Germaine,"2nd Regt., 4th Co. Art. Cheval",,Artillery,,,6,3,Guns,7,Painted,p,"2nd Regt., 4th Co. Art. Cheval",924
French,Cavalry Reserve,"Marshall Murat, Grand Duke of Berg",2nd (Cuirassier) Division,Gen. de Div. Count d'Hautpoul,4th Cav. Brigade,Gen. de Brig. Baron Guiton,2nd Cuirassiers,,Cavalry,Heavy,h,6,3,Squadrons,25,Painted,p,2nd Cuirassiers,930
French,Cavalry Reserve,"Marshall Murat, Grand Duke of Berg",2nd (Cuirassier) Division,Gen. de Div. Count d'Hautpoul,4th Cav. Brigade,Gen. de Brig. Baron Guiton,5th Cuirassiers,,Cavalry,Heavy,h,6,2,Squadrons,17,Painted,p,5th Cuirassiers,931
French,Cavalry Reserve,"Marshall Murat, Grand Duke of Berg",2nd (Cuirassier) Division,Gen. de Div. Count d'Hautpoul,4th Cav. Brigade,Gen. de Brig. Baron Guiton,25th Dragoon Regt.,,Cavalry,Medium,m,5,1,Squadrons,9,Painted,p,25th Dragoon Regt.,932
French,Cavalry Reserve,"Marshall Murat, Grand Duke of Berg",2nd (Cuirassier) Division,Gen. de Div. Count d'Hautpoul,5th Cav. Brigade,Gen. de Brig. Baron Clement,7th Cuirassier Regt.,,Cavalry,Heavy,h,6,4,Squadrons,33,Painted,p,7th Cuirassier Regt.,934
French,Cavalry Reserve,"Marshall Murat, Grand Duke of Berg",2nd (Cuirassier) Division,Gen. de Div. Count d'Hautpoul,5th Cav. Brigade,Gen. de Brig. Baron Clement,Provisional Carabinier Regt.,,Cavalry,Heavy,h,6,2,Squadrons,17,Painted,p,Provisional Carabinier Regt.,935
French,Cavalry Reserve,"Marshall Murat, Grand Duke of Berg",2nd (Cuirassier) Division,Gen. de Div. Count d'Hautpoul,5th Cav. Brigade,Gen. de Brig. Baron Clement,"2nd Regt., 6th Co. Art. Cheval",,Artillery,,,6,3,Guns,7,Painted,p,"2nd Regt., 6th Co. Art. Cheval",936
French,Cavalry Reserve,"Marshall Murat, Grand Duke of Berg",3rd (Cuirassier) Division,Gen. de Div. Count d'Espagne,6th Cav. Brigade,Gen. de Brig. Baron Bordesoulle,9th Cuirassiers,,Cavalry,Heavy,h,6,4,Squadrons,33,Painted,p,9th Cuirassiers,942
French,Cavalry Reserve,"Marshall Murat, Grand Duke of Berg",3rd (Cuirassier) Division,Gen. de Div. Count d'Espagne,6th Cav. Brigade,Gen. de Brig. Baron Bordesoulle,12th Cuirassiers,,Cavalry,Heavy,h,6,4,Squadrons,33,Painted,p,12th Cuirassiers,943
French,Cavalry Reserve,"Marshall Murat, Grand Duke of Berg",3rd (Cuirassier) Division,Gen. de Div. Count d'Espagne,7th Cav. Brigade,GM von Lepel,Westphalian 1st Kurassier,,Cavalry,Heavy,h,6,3,Squadrons,25,Painted,p,Westphalian 1st Kurassier,945
French,Cavalry Reserve,"Marshall Murat, Grand Duke of Berg",3rd (Cuirassier) Division,Gen. de Div. Count d'Espagne,7th Cav. Brigade,GM von Lepel,Westphalian 2nd Kurassier,,Cavalry,Heavy,h,6,3,Squadrons,25,Painted,p,Westphalian 2nd Kurassier,946
French,Cavalry Reserve,"Marshall Murat, Grand Duke of Berg",3rd (Cuirassier) Division,Gen. de Div. Count d'Espagne,7th Cav. Brigade,GM von Lepel,"2nd Regt., 8th Co. Art. Cheval",,Artillery,,,6,3,Guns,7,Painted,p,"2nd Regt., 8th Co. Art. Cheval",947
French,Cavalry Reserve,"Marshall Murat, Grand Duke of Berg",4th (Cuirassier) Division,Gen. de Div. Count Saint-Sulpice,8th Cav. Brigade,GM von Feilitzsch,Saxon Guard du Corps,,Cavalry,Heavy,h,8,3,Squadrons,25,Painted,p,Saxon Guard du Corps,953
French,Cavalry Reserve,"Marshall Murat, Grand Duke of Berg",4th (Cuirassier) Division,Gen. de Div. Count Saint-Sulpice,8th Cav. Brigade,GM von Feilitzsch,Saxon Zastrow Kurassier Regt.,,Cavalry,Heavy,h,7,3,Squadrons,25,Painted,p,Saxon Zastrow Kurassier Regt.,954
French,Cavalry Reserve,"Marshall Murat, Grand Duke of Berg",4th (Cuirassier) Division,Gen. de Div. Count Saint-Sulpice,9th Cav. Brigade,GM Lessing,Saxon Leib Kurassier Guard,,Cavalry,Heavy,h,7,3,Squadrons,25,Painted,p,Saxon Leib Kurassier Guard,956
French,Cavalry Reserve,"Marshall Murat, Grand Duke of Berg",4th (Cuirassier) Division,Gen. de Div. Count Saint-Sulpice,9th Cav. Brigade,GM Lessing,Saxon Karabinier Regt.,,Cavalry,Heavy,h,7,3,Squadrons,25,Painted,p,Saxon Karabinier Regt.,957
French,Cavalry Reserve,"Marshall Murat, Grand Duke of Berg",4th (Cuirassier) Division,Gen. de Div. Count Saint-Sulpice,9th Cav. Brigade,GM Lessing,Saxon Horse Battery,,Artillery,,,6,3,Guns,7,Unpainted,u,Saxon Horse Battery,958
French,Cavalry Reserve,"Marshall Murat, Grand Duke of Berg",5th (Dragoon) Division,Gen. de Div. Count Latour-Maubourg,10th Cav. Brigade,Gen. de Brig. Baron Perreimond,4th Dragoons,,Cavalry,Medium,m,5,3,Squadrons,19,Painted,p,4th Dragoons,967
French,Cavalry Reserve,"Marshall Murat, Grand Duke of Berg",5th (Dragoon) Division,Gen. de Div. Count Latour-Maubourg,10th Cav. Brigade,Gen. de Brig. Baron Perreimond,14th Dragoons,,Cavalry,Medium,m,5,3,Squadrons,19,Painted,p,14th Dragoons,968
French,Cavalry Reserve,"Marshall Murat, Grand Duke of Berg",5th (Dragoon) Division,Gen. de Div. Count Latour-Maubourg,11th Cav. Brigade,Gen. de Brig. Baron Caulaincourt,8th Dragoons,,Cavalry,Medium,m,5,4,Squadrons,25,Painted,p,8th Dragoons,970
French,Cavalry Reserve,"Marshall Murat, Grand Duke of Berg",5th (Dragoon) Division,Gen. de Div. Count Latour-Maubourg,11th Cav. Brigade,Gen. de Brig. Baron Caulaincourt,19th Dragoons,,Cavalry,Medium,m,5,3,Squadrons,19,Painted,p,19th Dragoons,971
French,Cavalry Reserve,"Marshall Murat, Grand Duke of Berg",5th (Dragoon) Division,Gen. de Div. Count Latour-Maubourg,11th Cav. Brigade,Gen. de Brig. Baron Caulaincourt,"2nd Regt., 2nd Co. Art. Cheval",,Artillery,,,6,3,Guns,7,Painted,p,"2nd Regt., 2nd Co. Art. Cheval",972
French,Cavalry Reserve,"Marshall Murat, Grand Duke of Berg",6th (Dragoon) Division,Gen. de Div. Baron Milhaud,12th Cav. Brigade,Gen. de Brig. Baron Delort,2nd Dragoons,,Cavalry,Medium,m,5,4,Squadrons,25,Painted,p,2nd Dragoons,978
French,Cavalry Reserve,"Marshall Murat, Grand Duke of Berg",6th (Dragoon) Division,Gen. de Div. Baron Milhaud,12th Cav. Brigade,Gen. de Brig. Baron Delort,23rd Dragoons,,Cavalry,Medium,m,5,3,Squadrons,19,Painted,p,23rd Dragoons,979
French,Cavalry Reserve,"Marshall Murat, Grand Duke of Berg",6th (Dragoon) Division,Gen. de Div. Baron Milhaud,13th Cav. Brigade,Gen. de Brig. Baron Sparre,7th Dragoons,,Cavalry,Medium,m,5,3,Squadrons,19,Painted,p,7th Dragoons,981
French,Cavalry Reserve,"Marshall Murat, Grand Duke of Berg",6th (Dragoon) Division,Gen. de Div. Baron Milhaud,13th Cav. Brigade,Gen. de Brig. Baron Sparre,21st Dragoons,,Cavalry,Medium,m,5,3,Squadrons,19,Painted,p,21st Dragoons,982
French,Cavalry Reserve,"Marshall Murat, Grand Duke of Berg",6th (Dragoon) Division,Gen. de Div. Baron Milhaud,13th Cav. Brigade,Gen. de Brig. Baron Sparre,"2nd Regt., 5th Co. Art. Cheval",,Artillery,,,6,3,Guns,7,Painted,p,"2nd Regt., 5th Co. Art. Cheval",983
French,Cavalry Reserve,"Marshall Murat, Grand Duke of Berg",7th (Dragoon) Division,Gen. de Div. Baron LaHoussaye,14th Cav. Brigade,Gen. de Brig. Baron Marizy,12th Dragoons,,Cavalry,Medium,m,5,3,Squadrons,19,Painted,p,12th Dragoons,989
French,Cavalry Reserve,"Marshall Murat, Grand Duke of Berg",7th (Dragoon) Division,Gen. de Div. Baron LaHoussaye,14th Cav. Brigade,Gen. de Brig. Baron Marizy,17th Dragoons,,Cavalry,Medium,m,5,3,Squadrons,19,Painted,p,17th Dragoons,990
French,Cavalry Reserve,"Marshall Murat, Grand Duke of Berg",7th (Dragoon) Division,Gen. de Div. Baron LaHoussaye,15th Cav. Brigade,Gen. de Brig. Baron Saint-Genies,20th Dragoons,,Cavalry,Medium,m,5,3,Squadrons,19,Painted,p,20th Dragoons,992
French,Cavalry Reserve,"Marshall Murat, Grand Duke of Berg",7th (Dragoon) Division,Gen. de Div. Baron LaHoussaye,15th Cav. Brigade,Gen. de Brig. Baron Saint-Genies,30th Dragoons,,Cavalry,Medium,m,5,4,Squadrons,25,Painted,p,30th Dragoons,993
French,Cavalry Reserve,"Marshall Murat, Grand Duke of Berg",7th (Dragoon) Division,Gen. de Div. Baron LaHoussaye,15th Cav. Brigade,Gen. de Brig. Baron Saint-Genies,"2nd Regt., 9th Co. Art. Cheval",,Artillery,,,6,3,Guns,7,Painted,p,"2nd Regt., 9th Co. Art. Cheval",994
Italy,I Corps,Marshall MacDonald Duc de Tarente,1st Division (Royal Guard),Gen. de Div. Baron Severoli,1st Brigade,Gen. de Brig. Baron Lecchi,Ital. Grenadiers a Pied,,Infantry,Heavy,h,7,1,Battalions,26,Painted,p,Ital. Grenadiers a Pied,15
Italy,I Corps,Marshall MacDonald Duc de Tarente,1st Division (Royal Guard),Gen. de Div. Baron Severoli,1st Brigade,Gen. de Brig. Baron Lecchi,Ital. Carabiniers a Pied,,Infantry,Heavy,h,7,1,Battalions,26,Painted,p,Ital. Carabiniers a Pied,16
Italy,I Corps,Marshall MacDonald Duc de Tarente,1st Division (Royal Guard),Gen. de Div. Baron Severoli,1st Brigade,Gen. de Brig. Baron Lecchi,Guard Marines,sub: Fr Imp. Gd. Marines,Infantry,Heavy,h,6,1,Battalions,22,Substitute,s,Guard Marines (sub: Fr Imp. Gd. Marines),17
Italy,I Corps,Marshall MacDonald Duc de Tarente,1st Division (Royal Guard),Gen. de Div. Baron Severoli,1st Brigade,Gen. de Brig. Baron Lecchi,Bersaglieri,,Infantry,Light,r,6,1,Battalions,17,Painted,p,Bersaglieri,18
Italy,I Corps,Marshall MacDonald Duc de Tarente,1st Division (Royal Guard),Gen. de Div. Baron Severoli,2nd Brigade,Gen. de Brig. Baron Viani,Ital. Grenadier Velites,,Infantry,Heavy,h,6,1,Battalions,26,Painted,p,Ital. Grenadier Velites,20
Italy,I Corps,Marshall MacDonald Duc de Tarente,1st Division (Royal Guard),Gen. de Div. Baron Severoli,2nd Brigade,Gen. de Brig. Baron Viani,Ital. Chasseur Velites,,Infantry,Heavy,h,6,1,Battalions,26,Painted,p,Ital. Chasseur Velites,21
Italy,I Corps,Marshall MacDonald Duc de Tarente,1st Division (Royal Guard),Gen. de Div. Baron Severoli,2nd Brigade,Gen. de Brig. Baron Viani,Ital. Guard Conscript Regiment,,Infantry,Light,l,6,2,Battalions,50,Painted,p,Ital. Guard Conscript Regiment,22
Italy,I Corps,Marshall MacDonald Duc de Tarente,1st Division (Royal Guard),Gen. de Div. Baron Severoli,2nd Brigade,Gen. de Brig. Baron Viani,Ital. 1st Co. Guard Art. a Pied,12 pdrs.,Artillery,,,7,4,Guns,12,Painted,p,Ital. 1st Co. Guard Art. a Pied (12 pdrs.),23
Italy,I Corps,Marshall MacDonald Duc de Tarente,2nd Division,Gen. de Div. Fontanelli,3rd Brigade,Gen. de Brig. Baron Bertoletti,Ital. 6th Linea,sub in IT II,Infantry,Heavy,h,4,2,Battalions,52,Unpainted,u,Ital. 6th Linea (sub in IT II),29
Italy,I Corps,Marshall MacDonald Duc de Tarente,2nd Division,Gen. de Div. Fontanelli,3rd Brigade,Gen. de Brig. Baron Bertoletti,Ital. 7th Linea,sub in IT II,Infantry,Heavy,h,4,2,Battalions,52,Painted,p,Ital. 7th Linea (sub in IT II),30
Italy,I Corps,Marshall MacDonald Duc de Tarente,2nd Division,Gen. de Div. Fontanelli,3rd Brigade,Gen. de Brig. Baron Bertoletti,Croatian 3rd Provisional Regt.,sub in IT II,Infantry,Light,l,5,2,Battalions,50,Painted,p,Croatian 3rd Provisional Regt. (sub in IT II),31
Italy,I Corps,Marshall MacDonald Duc de Tarente,2nd Division,Gen. de Div. Fontanelli,4th Brigade,Gen. de Brig. Baron Bonfanti,Ital. 3rd Linea,sub in IT II,Infantry,Heavy,h,4,2,Battalions,60,Painted,p,Ital. 3rd Linea (sub in IT II),33
Italy,I Corps,Marshall MacDonald Duc de Tarente,2nd Division,Gen. de Div. Fontanelli,4th Brigade,Gen. de Brig. Baron Bonfanti,Ital. 5th Linea,sub in IT II,Infantry,Heavy,h,4,2,Battalions,60,Painted,p,Ital. 5th Linea (sub in IT II),34
Italy,I Corps,Marshall MacDonald Duc de Tarente,2nd Division,Gen. de Div. Fontanelli,4th Brigade,Gen. de Brig. Baron Bonfanti,Ital. 2nd Leggera,sub in IT II,Infantry,Light,l,4,2,Battalions,50,Painted,p,Ital. 2nd Leggera (sub in IT II),35
Italy,I Corps,Marshall MacDonald Duc de Tarente,2nd Division,Gen. de Div. Fontanelli,4th Brigade,Gen. de Brig. Baron Bonfanti,"Ital. 1st Regt., 3rd Co. Art. a Pied",,Artillery,,,5,4,Guns,9,Painted,p,"Ital. 1st Regt., 3rd Co. Art. a Pied",36
Italy,I Corps,Marshall MacDonald Duc de Tarente,3rd Division,Gen. de Div. Count Seras,5th Brigade,Gen. de Brig. Baron Garraud,35th Ligne,"sub: 46th, from IV",Infantry,Heavy,h,5,2,Battalions,52,Substitute,s,"35th Ligne (sub: 46th, from IV)",42
Italy,I Corps,Marshall MacDonald Duc de Tarente,3rd Division,Gen. de Div. Count Seras,5th Brigade,Gen. de Brig. Baron Garraud,53rd Ligne,"sub: 57th, from IV",Infantry,Heavy,h,5,2,Battalions,60,Substitute,s,"53rd Ligne (sub: 57th, from IV)",43
Italy,I Corps,Marshall MacDonald Duc de Tarente,3rd Division,Gen. de Div. Count Seras,6th Brigade,Gen. de Brig. Baron Valentin,25th Ligne,"sub: 25th, from IV",Infantry,Heavy,h,5,2,Battalions,52,Substitute,s,"25th Ligne (sub: 25th, from IV)",45
Italy,I Corps,Marshall MacDonald Duc de Tarente,3rd Division,Gen. de Div. Count Seras,6th Brigade,Gen. de Brig. Baron Valentin,26th Legere,"sub: 26th Leg., from IV",Infantry,Light,l,5,1,Battalions,29,Substitute,s,"26th Legere (sub: 26th Leg., from IV)",46
Italy,I Corps,Marshall MacDonald Duc de Tarente,3rd Division,Gen. de Div. Count Seras,6th Brigade,Gen. de Brig. Baron Valentin,"8th Regt., 8th Co. Art. a Pied",,Artillery,,,5,4,Guns,9,Painted,p,"8th Regt., 8th Co. Art. a Pied",47
Italy,I Corps,Marshall MacDonald Duc de Tarente,1st Cavalry Division,Gen. de Div. Count Sebastiani de la Porta,1st Cav. Brigade,Gen. de Brig. Baron Bron,Ital. Grenadieri a Cavallo,,Cavalry,Heavy,h,7,2,Squadrons,17,Painted,p,Ital. Grenadieri a Cavallo,53
Italy,I Corps,Marshall MacDonald Duc de Tarente,1st Cavalry Division,Gen. de Div. Count Sebastiani de la Porta,1st Cav. Brigade,Gen. de Brig. Baron Bron,Ital. Gendarmes d'Elite,"sub: Fr Gendarmes d'Elite, from IG",Cavalry,Heavy,h,7,1,Squadrons,9,Substitute,s,"Ital. Gendarmes d'Elite (sub: Fr Gendarmes d'Elite, from IG)",54
Italy,I Corps,Marshall MacDonald Duc de Tarente,1st Cavalry Division,Gen. de Div. Count Sebastiani de la Porta,1st Cav. Brigade,Gen. de Brig. Baron Bron,Ital. Guardie d'Onori,,Cavalry,Heavy,h,7,5,Companies,21,Painted,p,Ital. Guardie d'Onori,55
Italy,I Corps,Marshall MacDonald Duc de Tarente,1st Cavalry Division,Gen. de Div. Count Sebastiani de la Porta,2nd Cav. Brigade,Gen. de Brig. Villata,Ital. 1st Chasseurs a Cheval,,Cavalry,Light,l,4,3,Squadrons,19,Painted,p,Ital. 1st Chasseurs a Cheval,57
Italy,I Corps,Marshall MacDonald Duc de Tarente,1st Cavalry Division,Gen. de Div. Count Sebastiani de la Porta,2nd Cav. Brigade,Gen. de Brig. Villata,Ital. 2nd Chasseurs a Cheval,,Cavalry,Light,l,4,3,Squadrons,19,Painted,p,Ital. 2nd Chasseurs a Cheval,58
Italy,I Corps,Marshall MacDonald Duc de Tarente,1st Cavalry Division,Gen. de Div. Count Sebastiani de la Porta,2nd Cav. Brigade,Gen. de Brig. Villata,"2nd Regt., 3rd Co. Art. Cheval",,Artillery,,,6,3,Guns,7,Painted,p,"2nd Regt., 3rd Co. Art. Cheval",59
Italy,II Corps,Generale de Divisione Count Grenier,4th Division,Gen. de Div. Count Durrutte,7th Brigade,Gen. de Brig. Baron Dessaix,84th Ligne,,Infantry,Heavy,h,7,2,Battalions,60,Painted,p,84th Ligne,78
Italy,II Corps,Generale de Divisione Count Grenier,4th Division,Gen. de Div. Count Durrutte,7th Brigade,Gen. de Brig. Baron Dessaix,92nd Ligne,,Infantry,Heavy,h,5,2,Battalions,52,Unpainted,u,92nd Ligne,79
Italy,II Corps,Generale de Divisione Count Grenier,4th Division,Gen. de Div. Count Durrutte,8th Brigade,Gen. de Brig. Baron Teste,1st Ligne,,Infantry,Heavy,h,5,2,Battalions,52,Unpainted,u,1st Ligne,81
Italy,II Corps,Generale de Divisione Count Grenier,4th Division,Gen. de Div. Count Durrutte,8th Brigade,Gen. de Brig. Baron Teste,8th Legere,,Infantry,Light,l,6,2,Battalions,50,Unpainted,u,8th Legere,82
Italy,II Corps,Generale de Divisione Count Grenier,4th Division,Gen. de Div. Count Durrutte,8th Brigade,Gen. de Brig. Baron Teste,"8th Regt., 7th Co. Art. a Pied",12 pdrs.,Artillery,,,6,4,Guns,12,Painted,p,"8th Regt., 7th Co. Art. a Pied (12 pdrs.)",83
Italy,II Corps,Generale de Divisione Count Grenier,5th Division,Gen. de Div. Count Pino,9th Brigade,Gen. de Brig. Baron Fontana,Ital. 1st Linea,"sub: 7th Linea, from IT I",Infantry,Heavy,h,4,2,Battalions,52,Substitute,s,"Ital. 1st Linea (sub: 7th Linea, from IT I)",89
Italy,II Corps,Generale de Divisione Count Grenier,5th Division,Gen. de Div. Count Pino,9th Brigade,Gen. de Brig. Baron Fontana,Ital. 2nd Linea,"sub: 6th Linea, from IT I",Infantry,Heavy,h,4,2,Battalions,52,Unpainted,u,"Ital. 2nd Linea (sub: 6th Linea, from IT I)",90
Italy,II Corps,Generale de Divisione Count Grenier,5th Division,Gen. de Div. Count Pino,9th Brigade,Gen. de Brig. Baron Fontana,Ital. 1st Leggera,"sub: Croat 3rd Prov., from IT I",Infantry,Heavy,h,4,2,Battalions,52,Substitute,s,"Ital. 1st Leggera (sub: Croat 3rd Prov., from IT I)",91
Italy,II Corps,Generale de Divisione Count Grenier,5th Division,Gen. de Div. Count Pino,10th Brigade,Gen. de Brig. Baron Guillaume,Ital. 4th Linea,"sub: 3rd Linea, from IT I",Infantry,Heavy,h,4,2,Battalions,60,Substitute,s,"Ital. 4th Linea (sub: 3rd Linea, from IT I)",93
Italy,II Corps,Generale de Divisione Count Grenier,5th Division,Gen. de Div. Count Pino,10th Brigade,Gen. de Brig. Baron Guillaume,Ital. 8th Linea,"sub: 5th Linea, from IT I",Infantry,Heavy,h,4,2,Battalions,60,Substitute,s,"Ital. 8th Linea (sub: 5th Linea, from IT I)",94
Italy,II Corps,Generale de Divisione Count Grenier,5th Division,Gen. de Div. Count Pino,10th Brigade,Gen. de Brig. Baron Guillaume,Ital. 4th Leggera,"sub: 2nd Leggera, from IT I",Infantry,Light,l,4,2,Battalions,50,Substitute,s,"Ital. 4th Leggera (sub: 2nd Leggera, from IT I)",95
Italy,II Corps,Generale de Divisione Count Grenier,5th Division,Gen. de Div. Count Pino,10th Brigade,Gen. de Brig. Baron Guillaume,"Ital. 1st Regt., 4th Co. Art. a Pied",,Artillery,,,5,4,Guns,9,Painted,p,"Ital. 1st Regt., 4th Co. Art. a Pied",96
Italy,II Corps,Generale de Divisione Count Grenier,2nd Cavalry Division,Gen. de Div. Baron Sahuc,3rd Cav. Brigade,Gen. de Brig. Baron Carrie,Ital. Guard Dragoons,,Cavalry,Medium,m,7,3,Squadrons,25,Painted,p,Ital. Guard Dragoons,102
Italy,II Corps,Generale de Divisione Count Grenier,2nd Cavalry Division,Gen. de Div. Baron Sahuc,3rd Cav. Brigade,Gen. de Brig. Baron Carrie,Ital. Dragoni Napoleoni,,Cavalry,Medium,m,7,4,Squadrons,33,Painted,p,Ital. Dragoni Napoleoni,103
Italy,II Corps,Generale de Divisione Count Grenier,2nd Cavalry Division,Gen. de Div. Baron Sahuc,3rd Cav. Brigade,Gen. de Brig. Baron Carrie,Ital. Dragoni Regina,,Cavalry,Medium,m,6,3,Squadrons,25,Painted,p,Ital. Dragoni Regina,104
Italy,II Corps,Generale de Divisione Count Grenier,2nd Cavalry Division,Gen. de Div. Baron Sahuc,4th Cav. Brigade,Gen. de Brig. Peyri,Ital. 3rd Chasseurs a Cheval,"sub: It 1st CC, from IT I",Cavalry,Light,l,4,3,Squadrons,19,Substitute,s,"Ital. 3rd Chasseurs a Cheval (sub: It 1st CC, from IT I)",106
Italy,II Corps,Generale de Divisione Count Grenier,2nd Cavalry Division,Gen. de Div. Baron Sahuc,4th Cav. Brigade,Gen. de Brig. Peyri,Ital. 4th Chasseurs a Cheval,"sub: It 2nd CC, from IT I",Cavalry,Light,l,4,3,Squadrons,19,Substitute,s,"Ital. 4th Chasseurs a Cheval (sub: It 2nd CC, from IT I)",107
Italy,II Corps,Generale de Divisione Count Grenier,2nd Cavalry Division,Gen. de Div. Baron Sahuc,4th Cav. Brigade,Gen. de Brig. Peyri,"Ital. 1st Regt., 5th Co. Art. a Cheval",,Artillery,,,6,3,Guns,7,Painted,p,"Ital. 1st Regt., 5th Co. Art. a Cheval",108
Polish,I Corps,General de Divisione Zajonczek,1st Division,Gen. de Div. Kniaziewicz,1st Brigade,Gen. de Brig. Pakosz,Pol. 1st Prov. Grenadiers,,Infantry,Heavy,h,6,1,Battalions,26,Painted,p,Pol. 1st Prov. Grenadiers,15
Polish,I Corps,General de Divisione Zajonczek,1st Division,Gen. de Div. Kniaziewicz,1st Brigade,Gen. de Brig. Pakosz,Pol. 2nd Prov. Grenadiers,,Infantry,Heavy,h,6,1,Battalions,26,Painted,p,Pol. 2nd Prov. Grenadiers,16
Polish,I Corps,General de Divisione Zajonczek,1st Division,Gen. de Div. Kniaziewicz,1st Brigade,Gen. de Brig. Pakosz,Pol. 1st Regt.,sub in II,Infantry,Heavy,h,5,2,Battalions,52,Painted,p,Pol. 1st Regt. (sub in II),17
Polish,I Corps,General de Divisione Zajonczek,1st Division,Gen. de Div. Kniaziewicz,2nd Brigade,Gen. de Brig. Grabowski,Pol. 4th Regt.,sub in II,Infantry,Heavy,h,5,2,Battalions,52,Unpainted,u,Pol. 4th Regt. (sub in II),19
Polish,I Corps,General de Divisione Zajonczek,1st Division,Gen. de Div. Kniaziewicz,2nd Brigade,Gen. de Brig. Grabowski,Pol. 8th Regt.,sub in II,Infantry,Heavy,h,4,2,Battalions,52,Painted,p,Pol. 8th Regt. (sub in II),20
Polish,I Corps,General de Divisione Zajonczek,1st Division,Gen. de Div. Kniaziewicz,2nd Brigade,Gen. de Brig. Grabowski,Pol. 19th Regt.,Lithuanian; sub in II,Infantry,Heavy,h,3,2,Battalions,44,Painted,p,Pol. 19th Regt. (Lithuanian) (sub in II),21
Polish,I Corps,General de Divisione Zajonczek,1st Division,Gen. de Div. Kniaziewicz,2nd Brigade,Gen. de Brig. Grabowski,"Pol. 1st Regt., 1st Co. Art. a Pied",12 pdrs.,Artillery,,,4,4,Guns,12,Painted,p,"Pol. 1st Regt., 1st Co. Art. a Pied (12 pdrs.)",22
Polish,I Corps,General de Divisione Zajonczek,1st Division,Gen. de Div. Kniaziewicz,2nd Brigade,Gen. de Brig. Grabowski,"Pol. 1st Regt., 3rd Co. Art. a Pied",,Artillery,,,4,4,Guns,9,Painted,p,"Pol. 1st Regt., 3rd Co. Art. a Pied",23
Polish,I Corps,General de Divisione Zajonczek,2nd Division,Gen. de Div. Krasinski,3rd Brigade,Gen. de Brig. Bronikowski,Pol. 2nd Regt.,sub in II,Infantry,Heavy,h,5,2,Battalions,52,Painted,p,Pol. 2nd Regt. (sub in II),29
Polish,I Corps,General de Divisione Zajonczek,2nd Division,Gen. de Div. Krasinski,3rd Brigade,Gen. de Brig. Bronikowski,Pol. 13th Regt.,,Infantry,Heavy,h,4,2,Battalions,50,Painted,p,Pol. 13th Regt.,30
Polish,I Corps,General de Divisione Zajonczek,2nd Division,Gen. de Div. Krasinski,3rd Brigade,Gen. de Brig. Bronikowski,Pol. 14th Regt.,sub in II,Infantry,Heavy,h,4,2,Battalions,50,Painted,p,Pol. 14th Regt. (sub in II),31
Polish,I Corps,General de Divisione Zajonczek,2nd Division,Gen. de Div. Krasinski,4th Brigade,Gen. de Brig. Radziwill,Pol. 6th Regt.,sub in II,Infantry,Heavy,h,5,2,Battalions,52,Unpainted,u,Pol. 6th Regt. (sub in II),33
Polish,I Corps,General de Divisione Zajonczek,2nd Division,Gen. de Div. Krasinski,4th Brigade,Gen. de Brig. Radziwill,Pol. 9th Regt.,sub in II,Infantry,Heavy,h,4,2,Battalions,52,Painted,p,Pol. 9th Regt. (sub in II),34
Polish,I Corps,General de Divisione Zajonczek,2nd Division,Gen. de Div. Krasinski,4th Brigade,Gen. de Brig. Radziwill,Pol. 21st Regt.,Lithuanian; sub in II,Infantry,Heavy,h,3,2,Battalions,44,Painted,p,Pol. 21st Regt. (Lithuanian)(sub in II),35
Polish,I Corps,General de Divisione Zajonczek,2nd Division,Gen. de Div. Krasinski,4th Brigade,Gen. de Brig. Radziwill,"Pol. 1st Regt., 4th Co. Art. a Pied",,Artillery,,,4,4,Guns,9,Painted,p,"Pol. 1st Regt., 4th Co. Art. a Pied",36
Polish,I Corps,General de Divisione Zajonczek,1st Cavalry Division,Gen. de Div. Kaminski,1st Cav. Brigade,Gen. de Brig. Dziemanowski,Polish 2nd Uhlans,,Cavalry,Light,l,6,4,Squadrons,25,Unpainted,u,Polish 2nd Uhlans,42
Polish,I Corps,General de Divisione Zajonczek,1st Cavalry Division,Gen. de Div. Kaminski,1st Cav. Brigade,Gen. de Brig. Dziemanowski,Polish 15th Uhlans,,Cavalry,Light,l,4,4,Squadrons,25,Unpainted,u,Polish 15th Uhlans,43
Polish,I Corps,General de Divisione Zajonczek,1st Cavalry Division,Gen. de Div. Kaminski,2nd Cav. Brigade,Gen. de Brig. Turno,Polish 9th Uhlans,,Cavalry,Light,l,5,4,Squadrons,25,Unpainted,u,Polish 9th Uhlans,45
Polish,I Corps,General de Divisione Zajonczek,1st Cavalry Division,Gen. de Div. Kaminski,2nd Cav. Brigade,Gen. de Brig. Turno,Polish 20th Uhlans,Lithuanian,Cavalry,Light,l,4,4,Squadrons,25,Unpainted,u,Polish 20th Uhlans (Lithuanian),46
Polish,I Corps,General de Divisione Zajonczek,1st Cavalry Division,Gen. de Div. Kaminski,3rd Cav. Brigade,Gen. de Brig. Uminski,Polish 5th Chasseurs a Cheval,sub: 1st Garde d'Hon,Cavalry,Light,l,5,3,Squadrons,19,Unpainted,u,Polish 5th Chasseurs a Cheval (sub: 1st Garde d'Hon),48
Polish,I Corps,General de Divisione Zajonczek,1st Cavalry Division,Gen. de Div. Kaminski,3rd Cav. Brigade,Gen. de Brig. Uminski,Polish 14th Cuirassiers,,Cavalry,Heavy,h,7,2,Squadrons,17,Unpainted,u,Polish 14th Cuirassiers,49
Polish,I Corps,General de Divisione Zajonczek,1st Cavalry Division,Gen. de Div. Kaminski,3rd Cav. Brigade,Gen. de Brig. Uminski,"Pol. 1st Regt., 7th Co. Art. a Cheval",,Artillery,,,5,3,Guns,7,Painted,p,"Pol. 1st Regt., 7th Co. Art. a Cheval",50
Polish,I Corps,General de Divisione Zajonczek,1st Cavalry Division,Gen. de Div. Kaminski,3rd Cav. Brigade,Gen. de Brig. Uminski,"Pol. 1st Regt., 8th Co. Art. a Cheval",,Artillery,,,5,3,Guns,7,Painted,p,"Pol. 1st Regt., 8th Co. Art. a Cheval",51
Polish,II Corps,Generale de Divisione Dombrowski,3rd Division,Gen. de Div. Kamieniecki,5th Brigade,Gen. de Brig. Chlopicki,1st Regt. Vistula Legion,"sub: 3rd Vistula, from VIII",Infantry,Heavy,h,6,2,Battalions,60,Substitute,s,"1st Regt. Vistula Legion (sub: 3rd Vistula, from VIII)",68
Polish,II Corps,Generale de Divisione Dombrowski,3rd Division,Gen. de Div. Kamieniecki,5th Brigade,Gen. de Brig. Chlopicki,2nd Regt. Vistula Legion,,Infantry,Heavy,h,6,2,Battalions,60,Unpainted,u,2nd Regt. Vistula Legion,69
Polish,II Corps,Generale de Divisione Dombrowski,3rd Division,Gen. de Div. Kamieniecki,6th Brigade,Gen. de Brig. Mielzynski,Pol. 7th Regt.,sub: 4th Regt.,Infantry,Heavy,h,5,2,Battalions,52,Unpainted,u,Pol. 7th Regt. (sub: 4th Regt.),71
Polish,II Corps,Generale de Divisione Dombrowski,3rd Division,Gen. de Div. Kamieniecki,6th Brigade,Gen. de Brig. Mielzynski,Pol. 17th Regt.,sub: 9th Regt.,Infantry,Heavy,h,4,2,Battalions,52,Substitute,s,Pol. 17th Regt. (sub: 9th Regt.),72
Polish,II Corps,Generale de Divisione Dombrowski,3rd Division,Gen. de Div. Kamieniecki,6th Brigade,Gen. de Brig. Mielzynski,Pol. 20th Regt.,Lithuanian; sub: 19th Regt.,Infantry,Heavy,h,3,2,Battalions,52,Substitute,s,Pol. 20th Regt. (Lithuanian) (sub: 19th Regt.),73
Polish,II Corps,Generale de Divisione Dombrowski,3rd Division,Gen. de Div. Kamieniecki,6th Brigade,Gen. de Brig. Mielzynski,"Pol. 1st Regt., 2nd Co. Art. a Pied",12 pdrs.,Artillery,,,4,4,Guns,12,Painted,p,"Pol. 1st Regt., 2nd Co. Art. a Pied (12 pdrs.)",74
Polish,II Corps,Generale de Divisione Dombrowski,3rd Division,Gen. de Div. Kamieniecki,6th Brigade,Gen. de Brig. Mielzynski,"Pol. 1st Regt., 5th Co. Art. a Pied",,Artillery,,,4,4,Guns,9,Painted,p,"Pol. 1st Regt., 5th Co. Art. a Pied",75
Polish,II Corps,Generale de Divisione Dombrowski,4th Division,Gen. de Div. Potocki,7th Brigade,Gen. de Brig. Malachowski,Pol. 3rd Regt.,sub: 2nd Regt.,Infantry,Heavy,h,5,2,Battalions,52,Painted,p,Pol. 3rd Regt. (sub: 2nd Regt.),81
Polish,II Corps,Generale de Divisione Dombrowski,4th Division,Gen. de Div. Potocki,7th Brigade,Gen. de Brig. Malachowski,Pol. 15th Regt.,sub: 6th Regt.,Infantry,Heavy,h,5,2,Battalions,52,Unpainted,u,Pol. 15th Regt. (sub: 6th Regt.),82
Polish,II Corps,Generale de Divisione Dombrowski,4th Division,Gen. de Div. Potocki,7th Brigade,Gen. de Brig. Malachowski,Pol. 16th Regt.,sub: 14th Regt.,Infantry,Heavy,h,4,2,Battalions,50,Substitute,s,Pol. 16th Regt. (sub: 14th Regt.),83
Polish,II Corps,Generale de Divisione Dombrowski,4th Division,Gen. de Div. Potocki,8th Brigade,Gen. de Brig. Zottowski,Pol. 5th Regt.,sub: 8th Regt.,Infantry,Heavy,h,4,2,Battalions,52,Substitute,s,Pol. 5th Regt. (sub: 8th Regt.),85
Polish,II Corps,Generale de Divisione Dombrowski,4th Division,Gen. de Div. Potocki,8th Brigade,Gen. de Brig. Zottowski,Pol. 12th Regt.,sub: 1st Regt.,Infantry,Heavy,h,5,2,Battalions,52,Substitute,s,Pol. 12th Regt. (sub: 1st Regt.),86
Polish,II Corps,Generale de Divisione Dombrowski,4th Division,Gen. de Div. Potocki,8th Brigade,Gen. de Brig. Zottowski,Pol. 18th Regt.,sub: 21st Regt.,Infantry,Heavy,h,3,2,Battalions,52,Substitute,s,Pol. 18th Regt. (sub: 21st Regt.),87
Polish,II Corps,Generale de Divisione Dombrowski,4th Division,Gen. de Div. Potocki,8th Brigade,Gen. de Brig. Zottowski,"Pol. 1st Regt., 6th Co. Art. a Pied",,Artillery,,,4,4,Guns,9,Painted,p,"Pol. 1st Regt., 6th Co. Art. a Pied",88
Polish,II Corps,Generale de Divisione Dombrowski,2nd Cavalry Division,Gen. de Div. Rozniecki,4th Cav. Brigade,Gen. de Brig.,Polish 6th Uhlans,,Cavalry,Light,l,6,4,Squadrons,25,Unpainted,u,Polish 6th Uhlans,94
Polish,II Corps,Generale de Divisione Dombrowski,2nd Cavalry Division,Gen. de Div. Rozniecki,4th Cav. Brigade,Gen. de Brig.,Lancers of the Vistula Legion,,Cavalry,Light,l,7,4,Squadrons,25,Unpainted,u,Lancers of the Vistula Legion,95
Polish,II Corps,Generale de Divisione Dombrowski,2nd Cavalry Division,Gen. de Div. Rozniecki,5th Cav. Brigade,Gen. de Brig. Sulkowski,Polish 10th Hussars,,Cavalry,Light,l,6,4,Squadrons,25,Painted,p,Polish 10th Hussars,97
Polish,II Corps,Generale de Divisione Dombrowski,2nd Cavalry Division,Gen. de Div. Rozniecki,5th Cav. Brigade,Gen. de Brig. Sulkowski,Polish 13th Hussars,,Cavalry,Light,l,6,4,Squadrons,25,Painted,p,Polish 13th Hussars,98
Polish,II Corps,Generale de Divisione Dombrowski,2nd Cavalry Division,Gen. de Div. Rozniecki,5th Cav. Brigade,Gen. de Brig. Sulkowski,"Pol. 1st Regt., 9th Co. Art. a Cheval",,Artillery,,,5,3,Guns,7,Painted,p,"Pol. 1st Regt., 9th Co. Art. a Cheval",99
Austrian,I Corps,FML Johann von Hiller,1st Division,GL Lindenau,1st Brigade,GM Meyer,"1,2/IR #4 ""Deutschmeister""",,Infantry,Heavy,h,6,2,Battalions,64,Painted,p,"1,2/IR #4 ""Deutschmeister""",13
Austrian,I Corps,FML Johann von Hiller,1st Division,GL Lindenau,1st Brigade,GM Meyer,"3/IR #4 ""Deutschmeister""",,Infantry,Heavy,h,4,1,Battalions,26,Unpainted,u,"3/IR #4 ""Deutschmeister""",14
Austrian,I Corps,FML Johann von Hiller,1st Division,GL Lindenau,1st Brigade,GM Meyer,6th Jagers,sub: 1st Jagers,Infantry,Light,s,6,1,Battalions,25,Substitute,s,6th Jagers (sub: 1st Jagers),15
Austrian,I Corps,FML Johann von Hiller,1st Division,GL Lindenau,2nd Brigade,GM Bianchi,"1,2/IR #16 ""Erzherzog Rudolf""",,Infantry,Heavy,h,4,2,Battalions,76,Painted,p,"1,2/IR #16 ""Erzherzog Rudolf""",17
Austrian,I Corps,FML Johann von Hiller,1st Division,GL Lindenau,2nd Brigade,GM Bianchi,"3/IR #16 ""Erzherzog Rudolf""",,Infantry,Heavy,h,3,1,Battalions,26,Unpainted,u,"3/IR #16 ""Erzherzog Rudolf""",18
Austrian,I Corps,FML Johann von Hiller,1st Division,GL Lindenau,2nd Brigade,GM Bianchi,Landwehr Regt. Bass-Austria,,Infantry,Heavy,h,2,2,Battalions,40,Unpainted,u,Landwehr Regt. Bass-Austria,19
Austrian,I Corps,FML Johann von Hiller,1st Division,GL Lindenau,2nd Brigade,GM Bianchi,"4th ""Position"" Battery",,Artillery,,,5,4,Guns,12,Painted,p,"4th ""Position"" Battery",20
Austrian,I Corps,FML Johann von Hiller,1st Division,GL Lindenau,2nd Brigade,GM Bianchi,"11th ""Light"" Battery",1/2,Artillery,,,5,2,Guns,4,Substitute,s,"11th ""Light"" Battery (1/2)",21
Austrian,I Corps,FML Johann von Hiller,2nd Division,GL Baumgarten,3rd Brigade,GM Weissenwolf,"1,2/IR #14 ""Klebek""",,Infantry,Heavy,h,6,2,Battalions,64,Unpainted,u,"1,2/IR #14 ""Klebek""",27
Austrian,I Corps,FML Johann von Hiller,2nd Division,GL Baumgarten,3rd Brigade,GM Weissenwolf,"3/IR #14 ""Klebek""",,Infantry,Heavy,h,4,1,Battalions,26,Unpainted,u,"3/IR #14 ""Klebek""",28
Austrian,I Corps,FML Johann von Hiller,2nd Division,GL Baumgarten,3rd Brigade,GM Weissenwolf,"4th ""Szluiner"" Grenzer",,Infantry,Light,l,4,1,Battalions,37,Painted,p,"4th ""Szluiner"" Grenzer",29
Austrian,I Corps,FML Johann von Hiller,2nd Division,GL Baumgarten,4th Brigade,GM Czollich,"IR #15 ""Anton Zach""",,Infantry,Heavy,h,4,2,Battalions,98,Painted,p,"IR #15 ""Anton Zach""",31
Austrian,I Corps,FML Johann von Hiller,2nd Division,GL Baumgarten,4th Brigade,GM Czollich,"6th ""St. George"" Grenzer",,Infantry,Light,l,6,1,Battalions,31,Painted,p,"6th ""St. George"" Grenzer",32
Austrian,I Corps,FML Johann von Hiller,2nd Division,GL Baumgarten,4th Brigade,GM Czollich,Vienna Volunteers,,Infantry,Heavy,h,3,1,Battalions,32,Painted,p,Vienna Volunteers,33
Austrian,I Corps,FML Johann von Hiller,2nd Division,GL Baumgarten,4th Brigade,GM Czollich,German Legion,,Infantry,Heavy,h,2,1,Battalions,32,Painted,p,German Legion,34
Austrian,I Corps,FML Johann von Hiller,2nd Division,GL Baumgarten,4th Brigade,GM Czollich,"12th ""Light"" Battery",,Artillery,,,5,4,Guns,9,Painted,p,"12th ""Light"" Battery",35
Austrian,I Corps,FML Johann von Hiller,2nd Division,GL Baumgarten,4th Brigade,GM Czollich,"11th ""Light"" Battery",1/2,Artillery,,,5,2,Guns,5,Painted,p,"11th ""Light"" Battery (1/2)",36
Austrian,I Corps,FML Johann von Hiller,2nd Cavalry Division,GL Prince of Hessen-Homburg,4th Brigade,GM Frelich,"4th ""Hessen-Homburg"" Hussars",sub in III,Cavalry,Light,l,7,3,Squadrons,19,Painted,p,"4th ""Hessen-Homburg"" Hussars (sub in III)",42
Austrian,I Corps,FML Johann von Hiller,2nd Cavalry Division,GL Prince of Hessen-Homburg,4th Brigade,GM Frelich,"2nd ""Erzherzog Joseph"" Hussars",,Cavalry,Light,l,6,3,Squadrons,19,Unpainted,u,"2nd ""Erzherzog Joseph"" Hussars",43
Austrian,I Corps,FML Johann von Hiller,2nd Cavalry Division,GL Prince of Hessen-Homburg,5th Brigade,GM Rothkirch,Chevaulegere Regt.,,Cavalry,Medium,m,5,3,Squadrons,19,Unpainted,u,Chevaulegere Regt.,45
Austrian,I Corps,FML Johann von Hiller,2nd Cavalry Division,GL Prince of Hessen-Homburg,5th Brigade,GM Rothkirch,"1st ""Erzherzog Johann"" Dragoons",sub in III,Cavalry,Medium,m,5,3,Squadrons,19,Painted,p,"1st ""Erzherzog Johann"" Dragoons (sub in III)",46
Austrian,I Corps,FML Johann von Hiller,2nd Cavalry Division,GL Prince of Hessen-Homburg,5th Brigade,GM Rothkirch,"6th ""Savoyen"" Dragoons",,Cavalry,Medium,m,5,3,Squadrons,19,Unpainted,u,"6th ""Savoyen"" Dragoons",47
Austrian,I Corps,FML Johann von Hiller,2nd Cavalry Division,GL Prince of Hessen-Homburg,5th Brigade,GM Rothkirch,3rd Horse Battery,,Artillery,,,5,3,Guns,7,Substitute,s,3rd Horse Battery,48
Austrian,II Corps,FML Frederich Furst zu Hohenzollern-Hechingen,3rd Division,GL Davidovitch,5th Brigade,GM Wratislaw,Hungarian Grenadiers,,Infantry,Heavy,h,7,1,Battalions,32,Painted,p,Hungarian Grenadiers,63
Austrian,II Corps,FML Frederich Furst zu Hohenzollern-Hechingen,3rd Division,GL Davidovitch,5th Brigade,GM Wratislaw,"1,2/IR #19 ""Alvinczy""",,Infantry,Heavy,h,5,2,Battalions,76,Painted,p,"1,2/IR #19 ""Alvinczy""",64
Austrian,II Corps,FML Frederich Furst zu Hohenzollern-Hechingen,3rd Division,GL Davidovitch,5th Brigade,GM Wratislaw,"3/IR #19 ""Alvinczy""",,Infantry,Heavy,h,3,1,Battalions,26,Unpainted,u,"3/IR #19 ""Alvinczy""",65
Austrian,II Corps,FML Frederich Furst zu Hohenzollern-Hechingen,3rd Division,GL Davidovitch,6th Brigade,GM Buresch,"1,2/IR #2 von Hiller",,Infantry,Heavy,h,5,2,Battalions,64,Painted,p,"1,2/IR #2 von Hiller",67
Austrian,II Corps,FML Frederich Furst zu Hohenzollern-Hechingen,3rd Division,GL Davidovitch,6th Brigade,GM Buresch,3/IR #2 von Hiller,,Infantry,Heavy,h,3,1,Battalions,26,Unpainted,u,3/IR #2 von Hiller,68
Austrian,II Corps,FML Frederich Furst zu Hohenzollern-Hechingen,3rd Division,GL Davidovitch,6th Brigade,GM Buresch,2nd Jagers,,Infantry,Light,r,6,1,Battalions,20,Painted,p,2nd Jagers,69
Austrian,II Corps,FML Frederich Furst zu Hohenzollern-Hechingen,3rd Division,GL Davidovitch,6th Brigade,GM Buresch,"5th ""Position"" Battery",,Artillery,,,5,4,Guns,12,Substitute,s,"5th ""Position"" Battery",70
Austrian,II Corps,FML Frederich Furst zu Hohenzollern-Hechingen,3rd Division,GL Davidovitch,6th Brigade,GM Buresch,"10th ""Light"" Battery",1/2,Artillery,,,5,2,Guns,4,Painted,p,"10th ""Light"" Battery (1/2)",71
Austrian,II Corps,FML Frederich Furst zu Hohenzollern-Hechingen,4th Division,GL Graf Gyulai,7th Brigade,GM Haugwitz,"1,2/IR #52 Erzherzog K. Franz",sub: IR #21,Infantry,Heavy,h,4,2,Battalions,64,Substitute,s,"1,2/IR #52 Erzherzog K. Franz (sub: IR #21)",77
Austrian,II Corps,FML Frederich Furst zu Hohenzollern-Hechingen,4th Division,GL Graf Gyulai,7th Brigade,GM Haugwitz,3/IR #52 Erzherzog K. Franz,,Infantry,Heavy,h,3,1,Battalions,26,Unpainted,u,3/IR #52 Erzherzog K. Franz,78
Austrian,II Corps,FML Frederich Furst zu Hohenzollern-Hechingen,4th Division,GL Graf Gyulai,7th Brigade,GM Haugwitz,"10th ""1st Banal"" Grenzer",,Infantry,Light,l,4,1,Battalions,37,Painted,p,"10th ""1st Banal"" Grenzer",79
Austrian,II Corps,FML Frederich Furst zu Hohenzollern-Hechingen,4th Division,GL Graf Gyulai,7th Brigade,GM Haugwitz,Prague Landwehr Regt.,,Infantry,Heavy,h,2,2,Battalions,50,Painted,p,Prague Landwehr Regt.,80
Austrian,II Corps,FML Frederich Furst zu Hohenzollern-Hechingen,4th Division,GL Graf Gyulai,8th Brigade,GM von Altensteig,IR #39 Baron Duka,,Infantry,Heavy,h,4,1,Battalions,29,Painted,p,IR #39 Baron Duka,82
Austrian,II Corps,FML Frederich Furst zu Hohenzollern-Hechingen,4th Division,GL Graf Gyulai,8th Brigade,GM von Altensteig,5th Jagers,,Infantry,Light,s,6,1,Battalions,20,Painted,p,5th Jagers,83
Austrian,II Corps,FML Frederich Furst zu Hohenzollern-Hechingen,4th Division,GL Graf Gyulai,8th Brigade,GM von Altensteig,Serbian Freicorps,,Infantry,Heavy,h,3,1,Battalions,38,Painted,p,Serbian Freicorps,84
Austrian,II Corps,FML Frederich Furst zu Hohenzollern-Hechingen,4th Division,GL Graf Gyulai,8th Brigade,GM von Altensteig,Landwehr Regt. Styrian,,Infantry,Heavy,h,3,2,Battalions,52,Unpainted,u,Landwehr Regt. Styrian,85
Austrian,II Corps,FML Frederich Furst zu Hohenzollern-Hechingen,4th Division,GL Graf Gyulai,8th Brigade,GM von Altensteig,"9th ""Light"" Battery",,Artillery,,,5,4,Guns,9,Substitute,s,"9th ""Light"" Battery",86
Austrian,II Corps,FML Frederich Furst zu Hohenzollern-Hechingen,4th Division,GL Graf Gyulai,8th Brigade,GM von Altensteig,"10th ""Light"" Battery",1/2,Artillery,,,5,2,Guns,5,Painted,p,"10th ""Light"" Battery (1/2)",87
Austrian,II Corps,FML Frederich Furst zu Hohenzollern-Hechingen,3rd Cavalry Division,GL Klenau,6th Brigade,GM Vecsey,"5th ""Radetzky"" Hussars",,Cavalry,Light,l,6,2,Squadrons,13,Painted,p,"5th ""Radetzky"" Hussars",93
Austrian,II Corps,FML Frederich Furst zu Hohenzollern-Hechingen,3rd Cavalry Division,GL Klenau,6th Brigade,GM Vecsey,"10th ""Liechtenstein"" Hussars",,Cavalry,Light,l,6,2,Squadrons,13,Painted,p,"10th ""Liechtenstein"" Hussars",94
Austrian,II Corps,FML Frederich Furst zu Hohenzollern-Hechingen,3rd Cavalry Division,GL Klenau,6th Brigade,GM Vecsey,"3rd ""Knesewich"" Dragoons",,Cavalry,Medium,m,5,3,Squadrons,19,Painted,p,"3rd ""Knesewich"" Dragoons",95
Austrian,II Corps,FML Frederich Furst zu Hohenzollern-Hechingen,3rd Cavalry Division,GL Klenau,7th Brigade,GM Kroyher,"1st ""Merveldt"" Uhlans",sub in III,Cavalry,Light,l,5,2,Squadrons,13,Painted,p,"1st ""Merveldt"" Uhlans (sub in III)",97
Austrian,II Corps,FML Frederich Furst zu Hohenzollern-Hechingen,3rd Cavalry Division,GL Klenau,7th Brigade,GM Kroyher,"4th ""Erzherzog Ferdinand"" Kurassiers",,Cavalry,Heavy,h,6,4,Squadrons,25,Painted,p,"4th ""Erzherzog Ferdinand"" Kurassiers",98
Austrian,II Corps,FML Frederich Furst zu Hohenzollern-Hechingen,3rd Cavalry Division,GL Klenau,7th Brigade,GM Kroyher,"8th ""Grossfurst Constantin"" Kurassiers",sub: 1st Kur,Cavalry,Heavy,h,6,4,Squadrons,25,Substitute,s,"8th ""Grossfurst Constantin"" Kurassiers (sub: 1st Kur)",99
Austrian,II Corps,FML Frederich Furst zu Hohenzollern-Hechingen,3rd Cavalry Division,GL Klenau,7th Brigade,GM Kroyher,4th Horse Battery,,Artillery,,,5,3,Guns,7,Painted,p,4th Horse Battery,100
Austrian,III Corps,GDK Graf Bellegarde,5th Division,FML Graf Hohenfeld,9th Brigade,GM Stutterheim,"1,2/IR #59 Jordis",sub: IR #4,Infantry,Heavy,h,5,2,Battalions,64,Substitute,s,"1,2/IR #59 Jordis (sub: IR #4)",116
Austrian,III Corps,GDK Graf Bellegarde,5th Division,FML Graf Hohenfeld,9th Brigade,GM Stutterheim,3/IR #59 Jordis,,Infantry,Heavy,h,3,1,Battalions,26,Unpainted,u,3/IR #59 Jordis,117
Austrian,III Corps,GDK Graf Bellegarde,5th Division,FML Graf Hohenfeld,9th Brigade,GM Stutterheim,Pressburg Insurrection Infantry,,Infantry,Heavy,h,2,2,Battalions,52,Painted,p,Pressburg Insurrection Infantry,118
Austrian,III Corps,GDK Graf Bellegarde,5th Division,FML Graf Hohenfeld,10th Brigade,GM Klebelberg,"1,2/IR #21 Graf Albrecht Gyulayi",,Infantry,Heavy,h,4,2,Battalions,64,Painted,p,"1,2/IR #21 Graf Albrecht Gyulayi",120
Austrian,III Corps,GDK Graf Bellegarde,5th Division,FML Graf Hohenfeld,10th Brigade,GM Klebelberg,3/IR #21 Graf Albrecht Gyulayi,,Infantry,Heavy,h,3,1,Battalions,26,Unpainted,u,3/IR #21 Graf Albrecht Gyulayi,121
Austrian,III Corps,GDK Graf Bellegarde,5th Division,FML Graf Hohenfeld,10th Brigade,GM Klebelberg,"12th ""Deutsch-Banater"" Grenzer",,Infantry,Light,l,4,1,Battalions,37,Unpainted,u,"12th ""Deutsch-Banater"" Grenzer",122
Austrian,III Corps,GDK Graf Bellegarde,5th Division,FML Graf Hohenfeld,10th Brigade,GM Klebelberg,Moravian Landwehr Regt.,,Infantry,Heavy,h,2,2,Battalions,52,Unpainted,u,Moravian Landwehr Regt.,123
Austrian,III Corps,GDK Graf Bellegarde,5th Division,FML Graf Hohenfeld,10th Brigade,GM Klebelberg,"3rd ""Position"" Battery",,Artillery,,,5,4,Guns,12,Substitute,s,"3rd ""Position"" Battery",124
Austrian,III Corps,GDK Graf Bellegarde,5th Division,FML Graf Hohenfeld,10th Brigade,GM Klebelberg,"8th ""Light"" Battery",1/2,Artillery,,,5,2,Guns,4,Painted,p,"8th ""Light"" Battery (1/2)",125
Austrian,III Corps,GDK Graf Bellegarde,6th Division,FML Prinz Rohan,11th Brigade,GM Volkmann,"1,2/IR #1 Kaiser",,Infantry,Heavy,h,5,2,Battalions,76,Painted,p,"1,2/IR #1 Kaiser",131
Austrian,III Corps,GDK Graf Bellegarde,6th Division,FML Prinz Rohan,11th Brigade,GM Volkmann,3/IR #1 Kaiser,,Infantry,Heavy,h,3,1,Battalions,26,Unpainted,u,3/IR #1 Kaiser,132
Austrian,III Corps,GDK Graf Bellegarde,6th Division,FML Prinz Rohan,11th Brigade,GM Volkmann,"15th ""2nd Szekler"" Grenzer",,Infantry,Light,l,4,1,Battalions,43,Painted,p,"15th ""2nd Szekler"" Grenzer",133
Austrian,III Corps,GDK Graf Bellegarde,6th Division,FML Prinz Rohan,12th Brigade,GM Henneberg,"1,2/IR #26 Hohenlohe",sub: IR #16,Infantry,Heavy,h,4,2,Battalions,76,Substitute,s,"1,2/IR #26 Hohenlohe (sub: IR #16)",135
Austrian,III Corps,GDK Graf Bellegarde,6th Division,FML Prinz Rohan,12th Brigade,GM Henneberg,3/IR #26 Hohenlohe,,Infantry,Heavy,h,3,1,Battalions,26,Unpainted,u,3/IR #26 Hohenlohe,136
Austrian,III Corps,GDK Graf Bellegarde,6th Division,FML Prinz Rohan,12th Brigade,GM Henneberg,Eisenburg Insurrection Infantry,,Infantry,Heavy,h,2,2,Battalions,50,Painted,p,Eisenburg Insurrection Infantry,137
Austrian,III Corps,GDK Graf Bellegarde,6th Division,FML Prinz Rohan,12th Brigade,GM Henneberg,"2nd ""Position"" Battery",,Artillery,,,5,4,Guns,12,Unpainted,u,"2nd ""Position"" Battery",138
Austrian,III Corps,GDK Graf Bellegarde,6th Division,FML Prinz Rohan,12th Brigade,GM Henneberg,"8th ""Light"" Battery",1/2,Artillery,,,5,2,Guns,4,Painted,p,"8th ""Light"" Battery (1/2)",139
Austrian,III Corps,GDK Graf Bellegarde,4th Cavalry Division,GL Klenau,8th Brigade,GM Teimern,"3rd ""O'Reilly"" Chevaulegers",,Cavalry,Light,l,6,3,Squadrons,19,Painted,p,"3rd ""O'Reilly"" Chevaulegers",145
Austrian,III Corps,GDK Graf Bellegarde,4th Cavalry Division,GL Klenau,8th Brigade,GM Teimern,"4th ""Vincent"" Chevaulegers",,Cavalry,Light,l,7,3,Squadrons,19,Painted,p,"4th ""Vincent"" Chevaulegers",146
Austrian,III Corps,GDK Graf Bellegarde,4th Cavalry Division,GL Klenau,9th Brigade,GM Kroyher,"1st ""Kaiser Franz"" Hussars",sub: 4th H.,Cavalry,Light,l,6,3,Squadrons,19,Substitute,s,"1st ""Kaiser Franz"" Hussars (sub: 4th H.)",148
Austrian,III Corps,GDK Graf Bellegarde,4th Cavalry Division,GL Klenau,9th Brigade,GM Kroyher,Uhlans,sub: 1st Uhlans,Cavalry,Light,l,5,2,Squadrons,13,Substitute,s,Uhlans (sub: 1st Uhlans),149
Austrian,III Corps,GDK Graf Bellegarde,4th Cavalry Division,GL Klenau,9th Brigade,GM Kroyher,"3rd ""Hohenlohe"" Dragoons",sub: 1st Dr.,Cavalry,Medium,m,5,3,Squadrons,19,Substitute,s,"3rd ""Hohenlohe"" Dragoons (sub: 1st Dr.)",150
Austrian,III Corps,GDK Graf Bellegarde,4th Cavalry Division,GL Klenau,9th Brigade,GM Kroyher,2nd Horse Battery,,Artillery,,,5,3,Guns,7,Painted,p,2nd Horse Battery,151
Austrian,Reserve Corps,GDK Johann Furst Lichtenstein,7th (Grenadier) Division,GL Graf Radetzky,13th Brigade,GM Merville,"Grenadier Battalion ""Scovaud""",,Infantry,Heavy,h,7,1,Battalions,32,Painted,p,"Grenadier Battalion ""Scovaud""",168
Austrian,Reserve Corps,GDK Johann Furst Lichtenstein,7th (Grenadier) Division,GL Graf Radetzky,13th Brigade,GM Merville,"Grenadier Battalion ""Puteani""",,Infantry,Heavy,h,7,1,Battalions,32,Painted,p,"Grenadier Battalion ""Puteani""",169
Austrian,Reserve Corps,GDK Johann Furst Lichtenstein,7th (Grenadier) Division,GL Graf Radetzky,13th Brigade,GM Merville,"Grenadier Battalion ""Wieniawski""",,Infantry,Heavy,h,7,1,Battalions,32,Painted,p,"Grenadier Battalion ""Wieniawski""",170
Austrian,Reserve Corps,GDK Johann Furst Lichtenstein,7th (Grenadier) Division,GL Graf Radetzky,13th Brigade,GM Merville,"Grenadier Battalion ""Bissingen""",,Infantry,Heavy,h,7,1,Battalions,32,Painted,p,"Grenadier Battalion ""Bissingen""",171
Austrian,Reserve Corps,GDK Johann Furst Lichtenstein,7th (Grenadier) Division,GL Graf Radetzky,13th Brigade,GM Merville,Tyrollean Jagers,,Infantry,Light,r,7,1,Battalions,25,Painted,p,Tyrollean Jagers,172
Austrian,Reserve Corps,GDK Johann Furst Lichtenstein,7th (Grenadier) Division,GL Graf Radetzky,14th Brigade,GM von Melgrum,Grenadier Battalion,,Infantry,Heavy,h,7,1,Battalions,32,Unpainted,u,Grenadier Battalion,174
Austrian,Reserve Corps,GDK Johann Furst Lichtenstein,7th (Grenadier) Division,GL Graf Radetzky,14th Brigade,GM von Melgrum,Grenadier Battalion,sub: Hung. Gren,Infantry,Heavy,h,7,1,Battalions,32,Substitute,s,Grenadier Battalion (sub: Hung. Gren),175
Austrian,Reserve Corps,GDK Johann Furst Lichtenstein,7th (Grenadier) Division,GL Graf Radetzky,14th Brigade,GM von Melgrum,"Grenadier Battalion ""Kirchenbetter""",,Infantry,Heavy,h,7,1,Battalions,32,Painted,p,"Grenadier Battalion ""Kirchenbetter""",176
Austrian,Reserve Corps,GDK Johann Furst Lichtenstein,7th (Grenadier) Division,GL Graf Radetzky,14th Brigade,GM von Melgrum,"Grenadier Battalion ""Hahn""",,Infantry,Heavy,h,7,1,Battalions,32,Painted,p,"Grenadier Battalion ""Hahn""",177
Austrian,Reserve Corps,GDK Johann Furst Lichtenstein,7th (Grenadier) Division,GL Graf Radetzky,14th Brigade,GM von Melgrum,"1st ""Kaiser"" Jagers",,Infantry,Light,r,6,1,Battalions,25,Painted,p,"1st ""Kaiser"" Jagers",178
Austrian,Reserve Corps,GDK Johann Furst Lichtenstein,7th (Grenadier) Division,GL Graf Radetzky,14th Brigade,GM von Melgrum,"1st ""Position"" Battery",,Artillery,,,5,4,Guns,12,Painted,p,"1st ""Position"" Battery",179
Austrian,Reserve Corps,GDK Johann Furst Lichtenstein,7th (Grenadier) Division,GL Graf Radetzky,14th Brigade,GM von Melgrum,"7th ""Light"" Battery",,Artillery,,,5,4,Guns,9,Unpainted,u,"7th ""Light"" Battery",180
Austrian,Reserve Corps,GDK Johann Furst Lichtenstein,1st Cavalry Division,GL Graf Nostitz,1st Brigade,GM Teimern,"1st ""Kaiser"" Chevaulegers",,Cavalry,Light,l,5,3,Squadrons,19,Unpainted,u,"1st ""Kaiser"" Chevaulegers",186
Austrian,Reserve Corps,GDK Johann Furst Lichtenstein,1st Cavalry Division,GL Graf Nostitz,1st Brigade,GM Teimern,"7th ""Graf Nostitz"" Chevaulegers",,Cavalry,Light,l,5,3,Squadrons,19,Unpainted,u,"7th ""Graf Nostitz"" Chevaulegers",187
Austrian,Reserve Corps,GDK Johann Furst Lichtenstein,1st Cavalry Division,GL Graf Nostitz,2nd Brigade,GM Lederer,"1st ""Kaiser"" Kurassiers",,Cavalry,Heavy,h,6,4,Squadrons,25,Painted,p,"1st ""Kaiser"" Kurassiers",189
Austrian,Reserve Corps,GDK Johann Furst Lichtenstein,1st Cavalry Division,GL Graf Nostitz,2nd Brigade,GM Lederer,"2nd ""Erzherzog Franz"" Kurassiers",,Cavalry,Heavy,h,6,4,Squadrons,25,Painted,p,"2nd ""Erzherzog Franz"" Kurassiers",190
Austrian,Reserve Corps,GDK Johann Furst Lichtenstein,1st Cavalry Division,GL Graf Nostitz,3rd Brigade,GM Roussel d'Hurbal,"5th ""Sommariva"" Kurassiers",,Cavalry,Heavy,h,6,4,Squadrons,25,Painted,p,"5th ""Sommariva"" Kurassiers",192
Austrian,Reserve Corps,GDK Johann Furst Lichtenstein,1st Cavalry Division,GL Graf Nostitz,3rd Brigade,GM Roussel d'Hurbal,"7th ""Lothringen"" Kurassiers",,Cavalry,Heavy,h,6,4,Squadrons,25,Painted,p,"7th ""Lothringen"" Kurassiers",193
Austrian,Reserve Corps,GDK Johann Furst Lichtenstein,1st Cavalry Division,GL Graf Nostitz,3rd Brigade,GM Roussel d'Hurbal,1st Horse Battery,,Artillery,,,5,3,Guns,7,Painted,p,1st Horse Battery,194
Prussian,I Corps,GL Graf Hans Ludwig Yorck von Wartenburg,,,1st Brigade (Guard),GM von Alvensleben; 2nd: Oberst von Katzeler,1st Foot Guards,,Infantry,Heavy,h,8,1,Battalions,26,Painted,p,1st Foot Guards,17
Prussian,I Corps,GL Graf Hans Ludwig Yorck von Wartenburg,,,1st Brigade (Guard),GM von Alvensleben; 2nd: Oberst von Katzeler,2nd Foot Guards,,Infantry,Heavy,h,8,1,Battalions,26,Painted,p,2nd Foot Guards,18
Prussian,I Corps,GL Graf Hans Ludwig Yorck von Wartenburg,,,1st Brigade (Guard),GM von Alvensleben; 2nd: Oberst von Katzeler,Guard Fusilier Batt.,,Infantry,Light,l,8,1,Battalions,25,Painted,p,Guard Fusilier Batt.,19
Prussian,I Corps,GL Graf Hans Ludwig Yorck von Wartenburg,,,1st Brigade (Guard),GM von Alvensleben; 2nd: Oberst von Katzeler,Czar Alexander Guard Grenadier,,Infantry,Heavy,h,7,1,Battalions,30,Painted,p,Czar Alexander Guard Grenadier,20
Prussian,I Corps,GL Graf Hans Ludwig Yorck von Wartenburg,,,1st Brigade (Guard),GM von Alvensleben; 2nd: Oberst von Katzeler,Kaiser Franz Guard Grenadier,,Infantry,Heavy,h,7,1,Battalions,30,Painted,p,Kaiser Franz Guard Grenadier,21
Prussian,I Corps,GL Graf Hans Ludwig Yorck von Wartenburg,,,1st Brigade (Guard),GM von Alvensleben; 2nd: Oberst von Katzeler,Guard Jagers,,Infantry,Light,r,8,1,Battalions,25,Painted,p,Guard Jagers,22
Prussian,I Corps,GL Graf Hans Ludwig Yorck von Wartenburg,,,1st Brigade (Guard),GM von Alvensleben; 2nd: Oberst von Katzeler,Guard 12 Pdr. Battery,,Artillery,,,7,4,Guns,12,Painted,p,Guard 12 Pdr. Battery,23
Prussian,I Corps,GL Graf Hans Ludwig Yorck von Wartenburg,,,2nd Brigade,GM von Steinmetz; 2nd: Oberst von Hiller,East Prussian Grenadier Batt.,,Infantry,Heavy,h,6,1,Battalions,26,Painted,p,East Prussian Grenadier Batt.,26
Prussian,I Corps,GL Graf Hans Ludwig Yorck von Wartenburg,,,2nd Brigade,GM von Steinmetz; 2nd: Oberst von Hiller,"1,2,Fus/3rd (2nd East Prussian) Regt.","sub: 2nd Regt, fr III",Infantry,Heavy,h,5,3,Battalions,77,Substitute,s,"1,2,Fus/3rd (2nd East Prussian) Regt. (sub: 2nd Regt, fr III)",27
Prussian,I Corps,GL Graf Hans Ludwig Yorck von Wartenburg,,,2nd Brigade,GM von Steinmetz; 2nd: Oberst von Hiller,"1,Fus/16th (3rd Westfalen) Regt.","sub: 20th Regt, fr III",Infantry,Heavy,h,3,2,Battalions,43,Substitute,s,"1,Fus/16th (3rd Westfalen) Regt. (sub: 20th Regt, fr III)",28
Prussian,I Corps,GL Graf Hans Ludwig Yorck von Wartenburg,,,2nd Brigade,GM von Steinmetz; 2nd: Oberst von Hiller,"1,2/4th East Prussian Landwehr Regt.",,Infantry,Heavy,h,2,2,Battalions,44,Unpainted,u,"1,2/4th East Prussian Landwehr Regt.",29
Prussian,I Corps,GL Graf Hans Ludwig Yorck von Wartenburg,,,2nd Brigade,GM von Steinmetz; 2nd: Oberst von Hiller,6 Pdr. Batter #6,,Artillery,,,4,4,Guns,9,Painted,p,6 Pdr. Batter #6,30
Prussian,I Corps,GL Graf Hans Ludwig Yorck von Wartenburg,,,3rd Brigade,GM Prinz Karl von Mecklinburg; 2nd: Oberst von Lobenthal,"1,2,Fus/1st (1st East Prussian) Regt.",sub in IV,Infantry,Heavy,h,5,3,Battalions,77,Painted,p,"1,2,Fus/1st (1st East Prussian) Regt. (sub in IV)",33
Prussian,I Corps,GL Graf Hans Ludwig Yorck von Wartenburg,,,3rd Brigade,GM Prinz Karl von Mecklinburg; 2nd: Oberst von Lobenthal,East Prussian Jager Batt.,,Infantry,Light,r,7,1,Battalions,25,Painted,p,East Prussian Jager Batt.,34
Prussian,I Corps,GL Graf Hans Ludwig Yorck von Wartenburg,,,3rd Brigade,GM Prinz Karl von Mecklinburg; 2nd: Oberst von Lobenthal,"1,2/17th (4th Westfalen) Regt.","sub: 24th Regt, fr III",Infantry,Heavy,h,3,2,Battalions,44,Substitute,s,"1,2/17th (4th Westfalen) Regt. (sub: 24th Regt, fr III)",35
Prussian,I Corps,GL Graf Hans Ludwig Yorck von Wartenburg,,,3rd Brigade,GM Prinz Karl von Mecklinburg; 2nd: Oberst von Lobenthal,"1,2/15th Silesian Landwehr Regt.",,Infantry,Heavy,h,2,2,Battalions,44,Unpainted,u,"1,2/15th Silesian Landwehr Regt.",36
Prussian,I Corps,GL Graf Hans Ludwig Yorck von Wartenburg,,,3rd Brigade,GM Prinz Karl von Mecklinburg; 2nd: Oberst von Lobenthal,6 Pdr. Batter #7,,Artillery,,,4,4,Guns,9,Painted,p,6 Pdr. Batter #7,37
Prussian,I Corps,GL Graf Hans Ludwig Yorck von Wartenburg,I Corps Cavalry Reserve,GL von Jurgass,1st Cavalry Brigade,H.R.H. Prinz Wilhelm,Guard du Corps,,Cavalry,Heavy,h,8,4,Squadrons,25,Painted,p,Guard du Corps,44
Prussian,I Corps,GL Graf Hans Ludwig Yorck von Wartenburg,I Corps Cavalry Reserve,GL von Jurgass,1st Cavalry Brigade,H.R.H. Prinz Wilhelm,Normal Dragoons,sub in III,Cavalry,Medium,m,6,4,Squadrons,25,Painted,p,Normal Dragoons (sub in III),45
Prussian,I Corps,GL Graf Hans Ludwig Yorck von Wartenburg,I Corps Cavalry Reserve,GL von Jurgass,2nd Cavalry Brigade,GM von Werder,Normal Hussars,sub in III,Cavalry,Light,l,7,4,Squadrons,25,Painted,p,Normal Hussars (sub in III),47
Prussian,I Corps,GL Graf Hans Ludwig Yorck von Wartenburg,I Corps Cavalry Reserve,GL von Jurgass,2nd Cavalry Brigade,GM von Werder,Guard Uhlans,,Cavalry,Light,l,7,2,Squadrons,13,Painted,p,Guard Uhlans,48
Prussian,I Corps,GL Graf Hans Ludwig Yorck von Wartenburg,I Corps Cavalry Reserve,GL von Jurgass,2nd Cavalry Brigade,GM von Werder,Guard Cossacks,,Cavalry,Light,l,5,2,Squadrons,13,Painted,p,Guard Cossacks,49
Prussian,I Corps,GL Graf Hans Ludwig Yorck von Wartenburg,I Corps Cavalry Reserve,GL von Jurgass,2nd Cavalry Brigade,GM von Werder,Guard Horse Battery,,Artillery,,,7,3,Guns,7,Painted,p,Guard Horse Battery,51
Prussian,II Corps,GL Kleist von Nollendorf,,,4th Brigade,GM von Ziethen; 2nd: Oberst von Carnall,Silesian Grenadier Batt.,sub in III,Infantry,Heavy,h,6,1,Battalions,26,Painted,p,Silesian Grenadier Batt. (sub in III),66
Prussian,II Corps,GL Kleist von Nollendorf,,,4th Brigade,GM von Ziethen; 2nd: Oberst von Carnall,"1,2,Fus/10th (1st Silesian) Regt.","sub: 9th Regt, fr III",Infantry,Heavy,h,5,3,Battalions,77,Substitute,s,"1,2,Fus/10th (1st Silesian) Regt. (sub: 9th Regt, fr III)",67
Prussian,II Corps,GL Kleist von Nollendorf,,,4th Brigade,GM von Ziethen; 2nd: Oberst von Carnall,"1,Fus/22nd (1st Upper Silesian) Regt.",,Infantry,Heavy,h,3,2,Battalions,43,Unpainted,u,"1,Fus/22nd (1st Upper Silesian) Regt.",68
Prussian,II Corps,GL Kleist von Nollendorf,,,4th Brigade,GM von Ziethen; 2nd: Oberst von Carnall,"1,2/1st Silesian Landwehr Regt.",sub in III,Infantry,Heavy,h,3,2,Battalions,44,Painted,p,"1,2/1st Silesian Landwehr Regt. (sub in III)",69
Prussian,II Corps,GL Kleist von Nollendorf,,,4th Brigade,GM von Ziethen; 2nd: Oberst von Carnall,12 Pdr. Battery #2,,Artillery,,,4,4,Guns,12,Painted,p,12 Pdr. Battery #2,70
Prussian,II Corps,GL Kleist von Nollendorf,,,5th Brigade,GM Prinz August von Prussen; 2nd: Oberst von Funk,"1,2,Fus/11th (2nd Silesian) Regt.",sub in IV,Infantry,Heavy,h,5,3,Battalions,77,Painted,p,"1,2,Fus/11th (2nd Silesian) Regt. (sub in IV)",73
Prussian,II Corps,GL Kleist von Nollendorf,,,5th Brigade,GM Prinz August von Prussen; 2nd: Oberst von Funk,Silesian Schutzen Batt.,,Infantry,Light,r,7,1,Battalions,25,Painted,p,Silesian Schutzen Batt.,74
Prussian,II Corps,GL Kleist von Nollendorf,,,5th Brigade,GM Prinz August von Prussen; 2nd: Oberst von Funk,"1,2/23rd (2nd Upper Silesian) Regt.","sub: 21st Regt, fr III",Infantry,Heavy,h,3,2,Battalions,44,Substitute,s,"1,2/23rd (2nd Upper Silesian) Regt. (sub: 21st Regt, fr III)",75
Prussian,II Corps,GL Kleist von Nollendorf,,,5th Brigade,GM Prinz August von Prussen; 2nd: Oberst von Funk,"1,Fus/5th Silesian Landwehr Regt.",sub in IV,Infantry,Heavy,h,3,2,Battalions,43,Painted,p,"1,Fus/5th Silesian Landwehr Regt. (sub in IV)",76
Prussian,II Corps,GL Kleist von Nollendorf,,,5th Brigade,GM Prinz August von Prussen; 2nd: Oberst von Funk,6 Pdr. Battery #4,,Artillery,,,4,4,Guns,9,Painted,p,6 Pdr. Battery #4,77
Prussian,II Corps,GL Kleist von Nollendorf,,,6th Brigade,GM von Klux; 2nd: Oberst von Jagow,"1,2,Fus/6th (1st West Prussian) Regt.",,Infantry,Heavy,h,5,3,Battalions,77,Unpainted,u,"1,2,Fus/6th (1st West Prussian) Regt.",80
Prussian,II Corps,GL Kleist von Nollendorf,,,6th Brigade,GM von Klux; 2nd: Oberst von Jagow,"1,2/19th (2nd Posen) Regt.",sub in IV,Infantry,Heavy,h,3,2,Battalions,44,Painted,p,"1,2/19th (2nd Posen) Regt. (sub in IV)",81
Prussian,II Corps,GL Kleist von Nollendorf,,,6th Brigade,GM von Klux; 2nd: Oberst von Jagow,"1,Fus/1st West Prussian Landwehr Regt.",,Infantry,Heavy,h,2,2,Battalions,43,Painted,p,"1,Fus/1st West Prussian Landwehr Regt.",82
Prussian,II Corps,GL Kleist von Nollendorf,,,6th Brigade,GM von Klux; 2nd: Oberst von Jagow,Hanseatic Legion,,Infantry,Heavy,h,4,1,Battalions,22,Painted,p,Hanseatic Legion,83
Prussian,II Corps,GL Kleist von Nollendorf,,,6th Brigade,GM von Klux; 2nd: Oberst von Jagow,6 Pdr. Battery #5,,Artillery,,,4,4,Guns,9,Painted,p,6 Pdr. Battery #5,84
Prussian,II Corps,GL Kleist von Nollendorf,II Corps Cavalry Reserve,GM von Roeder,3rd Cavalry Brigade,GM von Wrangel,1st (East Prussian) Kurassiers,,Cavalry,Heavy,h,5,4,Squadrons,25,Painted,p,1st (East Prussian) Kurassiers,91
Prussian,II Corps,GL Kleist von Nollendorf,II Corps Cavalry Reserve,GM von Roeder,3rd Cavalry Brigade,GM von Wrangel,2nd (Silesian) Kurassiers,,Cavalry,Heavy,h,5,4,Squadrons,25,Painted,p,2nd (Silesian) Kurassiers,92
Prussian,II Corps,GL Kleist von Nollendorf,II Corps Cavalry Reserve,GM von Roeder,4th Cavalry Brigade,GM von Sydow,4th (1st Silesian) Hussars,sub in Ru II,Cavalry,Light,l,6,4,Squadrons,25,Painted,p,4th (1st Silesian) Hussars (sub in Ru II),94
Prussian,II Corps,GL Kleist von Nollendorf,II Corps Cavalry Reserve,GM von Roeder,4th Cavalry Brigade,GM von Sydow,6th (2nd Silesian) Hussars,,Cavalry,Light,l,6,4,Squadrons,25,Painted,p,6th (2nd Silesian) Hussars,95
Prussian,II Corps,GL Kleist von Nollendorf,II Corps Cavalry Reserve,GM von Roeder,4th Cavalry Brigade,GM von Sydow,3rd Uhlans,sub: 2nd Uhlans,Cavalry,Light,l,5,2,Squadrons,13,Substitute,s,3rd Uhlans (sub: 2nd Uhlans),96
Prussian,II Corps,GL Kleist von Nollendorf,II Corps Cavalry Reserve,GM von Roeder,5th Cavalry Brigade,GM von Mutius,Silesian National Hussars,"sub: 1st Leib hussars, from III",Cavalry,Light,l,3,4,Squadrons,25,Substitute,s,"Silesian National Hussars (sub: 1st Leib hussars, from III)",98
Prussian,II Corps,GL Kleist von Nollendorf,II Corps Cavalry Reserve,GM von Roeder,5th Cavalry Brigade,GM von Mutius,1st Silesian Landwehr Cavalry,,Cavalry,Light,l,2,3,Squadrons,13,Painted,p,1st Silesian Landwehr Cavalry,99
Prussian,II Corps,GL Kleist von Nollendorf,II Corps Cavalry Reserve,GM von Roeder,5th Cavalry Brigade,GM von Mutius,Horse Battery #1,,Artillery,,,5,3,Guns,7,Painted,p,Horse Battery #1,101
Prussian,III Corps,GL Count Bulow von Dennewitz,,,7th Brigade,GM von Horn; 2nd: Oberst von Zepelin,Leib Grenadier Batt.,,Infantry,Heavy,h,7,1,Battalions,26,Painted,p,Leib Grenadier Batt.,115
Prussian,III Corps,GL Count Bulow von Dennewitz,,,7th Brigade,GM von Horn; 2nd: Oberst von Zepelin,"1,2,Fus/8th (Leib) Regt.",,Infantry,Heavy,h,6,3,Battalions,85,Painted,p,"1,2,Fus/8th (Leib) Regt.",116
Prussian,III Corps,GL Count Bulow von Dennewitz,,,7th Brigade,GM von Horn; 2nd: Oberst von Zepelin,"1,Fus/20th (3rd Brandenburg) Regt.",sub in I,Infantry,Heavy,h,3,2,Battalions,43,Painted,p,"1,Fus/20th (3rd Brandenburg) Regt. (sub in I)",117
Prussian,III Corps,GL Count Bulow von Dennewitz,,,7th Brigade,GM von Horn; 2nd: Oberst von Zepelin,"1,2/24th (4th Brandenburg) Regt.",sub in I,Infantry,Heavy,h,3,2,Battalions,44,Painted,p,"1,2/24th (4th Brandenburg) Regt. (sub in I)",118
Prussian,III Corps,GL Count Bulow von Dennewitz,,,7th Brigade,GM von Horn; 2nd: Oberst von Zepelin,12 Pdr. Battery #1,,Artillery,,,5,4,Guns,12,Painted,p,12 Pdr. Battery #1,119
Prussian,III Corps,GL Count Bulow von Dennewitz,,,8th Brigade,GM von Borstell; 2nd: Oberst von Schoon,Pommeranian Grenadier Batt.,"sub: Silesian Gren, fr II",Infantry,Heavy,h,6,1,Battalions,26,Substitute,s,"Pommeranian Grenadier Batt. (sub: Silesian Gren, fr II))",122
Prussian,III Corps,GL Count Bulow von Dennewitz,,,8th Brigade,GM von Borstell; 2nd: Oberst von Schoon,"1,2,Fus/2nd (1st Pommeranian) Regt.",sub in I,Infantry,Heavy,h,5,3,Battalions,77,Painted,p,"1,2,Fus/2nd (1st Pommeranian) Regt. (sub in I)",123
Prussian,III Corps,GL Count Bulow von Dennewitz,,,8th Brigade,GM von Borstell; 2nd: Oberst von Schoon,"1,Fus/14th (3rd Pommeranian) Regt.",,Infantry,Heavy,h,3,2,Battalions,43,Unpainted,u,"1,Fus/14th (3rd Pommeranian) Regt.",124
Prussian,III Corps,GL Count Bulow von Dennewitz,,,8th Brigade,GM von Borstell; 2nd: Oberst von Schoon,"1,2/2nd Pomm. Landwehr Regt.","sub: 1st Sil. Land, fr II",Infantry,Heavy,h,2,2,Battalions,44,Substitute,s,"1,2/2nd Pomm. Landwehr Regt. (sub: 1st Sil. Land, fr II)",125
Prussian,III Corps,GL Count Bulow von Dennewitz,,,8th Brigade,GM von Borstell; 2nd: Oberst von Schoon,6 Pdr. Battery #8,,Artillery,,,5,4,Guns,9,Painted,p,6 Pdr. Battery #8,126
Prussian,III Corps,GL Count Bulow von Dennewitz,,,9th Brigade,GM von Krafft; 2nd: Oberst von Zastrow,"1,2,Fus/9th (Colberg) Regt.",sub in II,Infantry,Heavy,h,6,3,Battalions,77,Painted,p,"1,2,Fus/9th (Colberg) Regt. (sub in II)",129
Prussian,III Corps,GL Count Bulow von Dennewitz,,,9th Brigade,GM von Krafft; 2nd: Oberst von Zastrow,"1,2/21st (4th Pommeranian) Regt.",sub in II,Infantry,Heavy,h,3,2,Battalions,44,Painted,p,"1,2/21st (4th Pommeranian) Regt. (sub in II)",130
Prussian,III Corps,GL Count Bulow von Dennewitz,,,9th Brigade,GM von Krafft; 2nd: Oberst von Zastrow,"1,2/1st Pommeranian Landwehr Regt.",sub in IV,Infantry,Heavy,h,2,2,Battalions,44,Painted,p,"1,2/1st Pommeranian Landwehr Regt. (sub in IV)",131
Prussian,III Corps,GL Count Bulow von Dennewitz,,,9th Brigade,GM von Krafft; 2nd: Oberst von Zastrow,6 Pdr. Battery #9,,Artillery,,,4,4,Guns,9,Painted,p,6 Pdr. Battery #9,132
Prussian,III Corps,GL Count Bulow von Dennewitz,III Corps Cavalry Reserve,GL von Oppen,6th Cavalry Brigade,GM von Treskow,1st (Koningen) Dragoons,"sub: Normal Drag, fr I",Cavalry,Medium,m,5,4,Squadrons,25,Substitute,s,"1st (Koningen) Dragoons (sub: Normal Drag, fr I)",139
Prussian,III Corps,GL Count Bulow von Dennewitz,III Corps Cavalry Reserve,GL von Oppen,6th Cavalry Brigade,GM von Treskow,4th (2nd West Prussian) Dragoons,"sub: Brand. Drag, fr IV",Cavalry,Medium,m,4,4,Squadrons,25,Substitute,s,"4th (2nd West Prussian) Dragoons (sub: Brand. Drag, fr IV)",140
Prussian,III Corps,GL Count Bulow von Dennewitz,III Corps Cavalry Reserve,GL von Oppen,6th Cavalry Brigade,GM von Treskow,6th (Neumark) Dragoons,,Cavalry,Medium,m,4,4,Squadrons,25,Painted,p,6th (Neumark) Dragoons,141
Prussian,III Corps,GL Count Bulow von Dennewitz,III Corps Cavalry Reserve,GL von Oppen,7th Cavalry Brigade,Oberst von Sohr,1st Leib hussars,sub in II,Cavalry,Light,l,7,4,Squadrons,25,Painted,p,1st Leib hussars (sub in II),143
Prussian,III Corps,GL Count Bulow von Dennewitz,III Corps Cavalry Reserve,GL von Oppen,7th Cavalry Brigade,Oberst von Sohr,Brandenburg Hussars,"sub: Normal Hussars, fr I",Cavalry,Light,l,6,4,Squadrons,25,Substitute,s,"Brandenburg Hussars (sub: Normal Hussars, fr I)",144
Prussian,III Corps,GL Count Bulow von Dennewitz,III Corps Cavalry Reserve,GL von Oppen,8th Cavalry Brigade,Oberst von Hobe,Pommeranian National Cavalry,,Cavalry,Light,l,3,3,Squadrons,13,Unpainted,u,Pommeranian National Cavalry,146
Prussian,III Corps,GL Count Bulow von Dennewitz,III Corps Cavalry Reserve,GL von Oppen,8th Cavalry Brigade,Oberst von Hobe,Elbe Landwehr Cavalry,sub: 1/2 4th Hussars,Cavalry,Light,l,2,3,Squadrons,13,Substitute,s,Elbe Landwehr Cavalry (sub: 1/2 4th Hussars),147
Prussian,III Corps,GL Count Bulow von Dennewitz,III Corps Cavalry Reserve,GL von Oppen,8th Cavalry Brigade,Oberst von Hobe,Horse Battery #2,,Artillery,,,5,3,Guns,7,Painted,p,Horse Battery #2,149
Prussian,IV Corps,GL Graf Tauentzien von Wittenberg,,,10th Brigade,GM von; 2nd: GM von,"1,2, Fus/4th (3rd East Prussian) Regt.","sub: 11th regt, fr II",Infantry,Heavy,h,5,3,Battalions,77,Substitute,s,"1,2, Fus/4th (3rd East Prussian) Regt. (sub: 11th regt, fr II)",164
Prussian,IV Corps,GL Graf Tauentzien von Wittenberg,,,10th Brigade,GM von; 2nd: GM von,"1,2/13th (1st Westfalen) Regt.","sub: 19th regt, fr II",Infantry,Heavy,h,3,2,Battalions,44,Substitute,s,"1,2/13th (1st Westfalen) Regt. (sub: 19th regt, fr II)",165
Prussian,IV Corps,GL Graf Tauentzien von Wittenberg,,,10th Brigade,GM von; 2nd: GM von,"1,2/5th Kurmark Landwehr Regt.","sub: 1st Pomm. Land, fr III",Infantry,Heavy,h,2,2,Battalions,44,Substitute,s,"1,2/5th Kurmark Landwehr Regt. (sub: 1st Pomm. Land, fr III))",166
Prussian,IV Corps,GL Graf Tauentzien von Wittenberg,,,10th Brigade,GM von; 2nd: GM von,12 Pdr. Battery #3,,Artillery,,,5,4,Guns,12,Painted,p,12 Pdr. Battery #3,167
Prussian,IV Corps,GL Graf Tauentzien von Wittenberg,,,11th Brigade,GM von Dobschutz; 2nd: GM von Wobeser,"1,2/25th (1st Rhine) Regt.",,Infantry,Heavy,h,4,2,Battalions,52,Painted,p,"1,2/25th (1st Rhine) Regt.",170
Prussian,IV Corps,GL Graf Tauentzien von Wittenberg,,,11th Brigade,GM von Dobschutz; 2nd: GM von Wobeser,von Lutzow's Jagers,,Infantry,Light,r,6,1,Battalions,17,Painted,p,von Lutzow's Jagers,171
Prussian,IV Corps,GL Graf Tauentzien von Wittenberg,,,11th Brigade,GM von Dobschutz; 2nd: GM von Wobeser,"1,Fus/15th (2nd Westfalen) Regt.",,Infantry,Heavy,h,3,2,Battalions,43,Unpainted,u,"1,Fus/15th (2nd Westfalen) Regt.",172
Prussian,IV Corps,GL Graf Tauentzien von Wittenberg,,,11th Brigade,GM von Dobschutz; 2nd: GM von Wobeser,"1,2/1st Kurmark (Berlin) Landwehr Regt.",,Infantry,Heavy,h,2,2,Battalions,36,Painted,p,"1,2/1st Kurmark (Berlin) Landwehr Regt.",173
Prussian,IV Corps,GL Graf Tauentzien von Wittenberg,,,12th Brigade,GM von Lindenau; 2nd: GM von Hirschfeldt,"1,2,Fus/5th (4th East Prussian) Regt.","sub: 1st Regt, fr I",Infantry,Heavy,h,5,3,Battalions,77,Substitute,s,"1,2,Fus/5th (4th East Prussian) Regt. (sub: 1st Regt, fr I)",176
Prussian,IV Corps,GL Graf Tauentzien von Wittenberg,,,12th Brigade,GM von Lindenau; 2nd: GM von Hirschfeldt,"1,2,Fus/26th (1st Magdeburg) Regt.",,Infantry,Heavy,h,4,3,Battalions,77,Unpainted,u,"1,2,Fus/26th (1st Magdeburg) Regt.",177
Prussian,IV Corps,GL Graf Tauentzien von Wittenberg,,,12th Brigade,GM von Lindenau; 2nd: GM von Hirschfeldt,"1,2/2nd Neumark Landwehr Regt.",,Infantry,Heavy,h,2,2,Battalions,43,Unpainted,u,"1,2/2nd Neumark Landwehr Regt.",178
Prussian,IV Corps,GL Graf Tauentzien von Wittenberg,,,12th Brigade,GM von Lindenau; 2nd: GM von Hirschfeldt,6 Pdr. Battery #10,,Artillery,,,4,4,Guns,9,Painted,p,6 Pdr. Battery #10,179
Prussian,IV Corps,GL Graf Tauentzien von Wittenberg,IV Corps Cavalry Reserve,GL von Dolffs,9th Cavalry Brigade,GM von Bismark,4th (Brandenburg) Kurassiers,sub in II,Cavalry,Heavy,h,5,4,Squadrons,25,Painted,p,4th (Brandenburg) Kurassiers (sub in II),186
Prussian,IV Corps,GL Graf Tauentzien von Wittenberg,IV Corps Cavalry Reserve,GL von Dolffs,9th Cavalry Brigade,GM von Bismark,5th (Brandenburg) Dragoons,sub in III,Cavalry,Medium,m,4,4,Squadrons,25,Painted,p,5th (Brandenburg) Dragoons (sub in III),187
Prussian,IV Corps,GL Graf Tauentzien von Wittenberg,IV Corps Cavalry Reserve,GL von Dolffs,10th Cavalry Brigade,GM von Jeanneret,2nd Uhlans,sub in II,Cavalry,Light,l,5,2,Squadrons,13,Painted,p,2nd Uhlans (sub in II),189
Prussian,IV Corps,GL Graf Tauentzien von Wittenberg,IV Corps Cavalry Reserve,GL von Dolffs,10th Cavalry Brigade,GM von Jeanneret,East Prussian Landwehr Cavalry,,Cavalry,Light,l,2,3,Squadrons,13,Unpainted,u,East Prussian Landwehr Cavalry,190
Prussian,IV Corps,GL Graf Tauentzien von Wittenberg,IV Corps Cavalry Reserve,GL von Dolffs,10th Cavalry Brigade,GM von Jeanneret,Horse Battery #3,,Artillery,,,5,3,Guns,7,Painted,p,Horse Battery #3,192
Russian,I Corps,Prince Bagration,1st Division,GL Miloradovitch,1st Brigade,GL Neverovsky,Preobrazhenski Guard,,Infantry,Heavy,h,8,1,Battalions,28,Painted,p,Preobrazhenski Guard,13
Russian,I Corps,Prince Bagration,1st Division,GL Miloradovitch,1st Brigade,GL Neverovsky,Semonovski Guard,,Infantry,Heavy,h,8,1,Battalions,26,Painted,p,Semonovski Guard,14
Russian,I Corps,Prince Bagration,1st Division,GL Miloradovitch,1st Brigade,GL Neverovsky,Ismailovski Guard,,Infantry,Heavy,h,8,1,Battalions,28,Painted,p,Ismailovski Guard,15
Russian,I Corps,Prince Bagration,1st Division,GL Miloradovitch,1st Brigade,GL Neverovsky,Lifeguard Jager Regt.,,Infantry,Light,l,8,1,Battalions,25,Painted,p,Lifeguard Jager Regt.,16
Russian,I Corps,Prince Bagration,1st Division,GL Miloradovitch,2nd Brigade,GL Lavrov,Litovski Guard,,Infantry,Heavy,h,8,1,Battalions,26,Painted,p,Litovski Guard,18
Russian,I Corps,Prince Bagration,1st Division,GL Miloradovitch,2nd Brigade,GL Lavrov,Life Guard Grenadier Regt.,,Infantry,Heavy,h,8,1,Battalions,26,Painted,p,Life Guard Grenadier Regt.,19
Russian,I Corps,Prince Bagration,1st Division,GL Miloradovitch,2nd Brigade,GL Lavrov,Pavlovski Guard Grenadier,,Infantry,Heavy,h,8,1,Battalions,32,Painted,p,Pavlovski Guard Grenadier,20
Russian,I Corps,Prince Bagration,1st Division,GL Miloradovitch,2nd Brigade,GL Lavrov,Finlandski Guard Carabiniers,,Infantry,Light,s,7,1,Battalions,17,Painted,p,Finlandski Guard Carabiniers,21
Russian,I Corps,Prince Bagration,1st Division,GL Miloradovitch,2nd Brigade,GL Lavrov,1st (Heavy) Guard Artillery Battery,,Artillery,,,8,4,Guns,12,Painted,p,1st (Heavy) Guard Artillery Battery,22
Russian,I Corps,Prince Bagration,1st Division,GL Miloradovitch,2nd Brigade,GL Lavrov,2nd (Light) Guard Artillery Battery,,Artillery,,,8,4,Guns,9,Painted,p,2nd (Light) Guard Artillery Battery,23
Russian,I Corps,Prince Bagration,2nd Division,GL Raevsky,3rd Brigade,GM Paskievitch,Kexholm Regt.,sub Smolensk from IV,Infantry,Heavy,h,6,2,Battalions,46,Substitute,s,Kexholm Regt. (sub Smolensk from IV),28
Russian,I Corps,Prince Bagration,2nd Division,GL Raevsky,3rd Brigade,GM Paskievitch,Estonia Regt.,sub in V,Infantry,Heavy,h,4,1,Battalions,23,Painted,p,Estonia Regt. (sub in V),29
Russian,I Corps,Prince Bagration,2nd Division,GL Raevsky,3rd Brigade,GM Paskievitch,6th Jagers,sub in VI,Infantry,Light,l,6,1,Battalions,21,Painted,p,6th Jagers (sub in VI),30
Russian,I Corps,Prince Bagration,2nd Division,GL Raevsky,4th Brigade,GM Likhachev,Murmansk Regt.,sub in V,Infantry,Heavy,h,4,2,Battalions,46,Painted,p,Murmansk Regt. (sub in V),32
Russian,I Corps,Prince Bagration,2nd Division,GL Raevsky,4th Brigade,GM Likhachev,33rd Jagers,sub in V,Infantry,Light,l,4,1,Battalions,22,Painted,p,33rd Jagers (sub in V),33
Russian,I Corps,Prince Bagration,2nd Division,GL Raevsky,4th Brigade,GM Likhachev,Moscow Militia,sub in VI,Infantry,Heavy,h,2,1,Battalions,27,Painted,p,Moscow Militia (sub in VI),34
Russian,I Corps,Prince Bagration,2nd Division,GL Raevsky,4th Brigade,GM Likhachev,5th (Light) Artillery Battery,,Artillery,,,6,4,Guns,9,Painted,p,5th (Light) Artillery Battery,35
Russian,I Corps,Prince Bagration,I Cavalry Corps / 1st Kurassier Division,GL Uvarov / GL Deperadovitch,1st Brigade,GL Prince Galitzin,Chevalier de Garde,,Cavalry,Heavy,h,8,4,Squadrons,25,Painted,p,Chevalier de Garde,41
Russian,I Corps,Prince Bagration,I Cavalry Corps / 1st Kurassier Division,GL Uvarov / GL Deperadovitch,1st Brigade,GL Prince Galitzin,Horse Guards,Lifeguard Horse,Cavalry,Heavy,h,8,4,Squadrons,25,Unpainted,u,Horse Guards (Lifeguard Horse),42
Russian,I Corps,Prince Bagration,I Cavalry Corps / 1st Kurassier Division,GL Uvarov / GL Deperadovitch,2nd Brigade,GM Duka,Emperor's Kurassier Regt.,old Chev Garde,Cavalry,Heavy,h,7,2,Squadrons,17,Painted,p,Emperor's Kurassier Regt. (old Chev Garde)),44
Russian,I Corps,Prince Bagration,I Cavalry Corps / 1st Kurassier Division,GL Uvarov / GL Deperadovitch,2nd Brigade,GM Duka,Empress' Kurassier Regt.,sub: Little Russian Kur,Cavalry,Heavy,h,6,3,Squadrons,19,Substitute,s,Empress' Kurassier Regt. (sub: Little Russian Kur),45
Russian,I Corps,Prince Bagration,I Cavalry Corps / 1st Kurassier Division,GL Uvarov / GL Deperadovitch,2nd Brigade,GM Duka,Guard Horse Artillery Battery,,Artillery,,,7,4,Guns,9,Painted,p,Guard Horse Artillery Battery,46
Russian,I Corps,Prince Bagration,I Cavalry Corps / 1st Kurassier Division,GL Uvarov / GL Deperadovitch,3rd Brigade,GL Tscailkov,Lifeguard Hussars,,Cavalry,Light,l,8,4,Squadrons,25,Painted,p,Lifeguard Hussars,49
Russian,I Corps,Prince Bagration,I Cavalry Corps / 1st Kurassier Division,GL Uvarov / GL Deperadovitch,3rd Brigade,GL Tscailkov,Guard Cossacks,sub in V,Cavalry,Light,l,4,4,Squadrons,25,Painted,p,Guard Cossacks (sub in V),50
Russian,I Corps,Prince Bagration,I Cavalry Corps / 1st Kurassier Division,GL Uvarov / GL Deperadovitch,4th Brigade,GM Platov,White Russia Hussars,sub in III,Cavalry,Light,l,6,4,Squadrons,24,Painted,p,White Russia Hussars (sub in III),52
Russian,I Corps,Prince Bagration,I Cavalry Corps / 1st Kurassier Division,GL Uvarov / GL Deperadovitch,4th Brigade,GM Platov,5th Don Cossacks,,Cavalry,Light,l,2,1,Squadrons,5,Painted,p,5th Don Cossacks,53
Russian,I Corps,Prince Bagration,I Cavalry Corps / 1st Kurassier Division,GL Uvarov / GL Deperadovitch,4th Brigade,GM Platov,9th Don Cossacks,,Cavalry,Light,l,2,1,Squadrons,5,Painted,p,9th Don Cossacks,54
Russian,I Corps,Prince Bagration,I Cavalry Corps / 1st Kurassier Division,GL Uvarov / GL Deperadovitch,4th Brigade,GM Platov,Livonia Horse Jagers,,Cavalry,Light,l,3,1,Squadrons,8,Painted,p,Livonia Horse Jagers,55
Russian,I Corps,Prince Bagration,I Cavalry Corps / 1st Kurassier Division,GL Uvarov / GL Deperadovitch,4th Brigade,GM Platov,Lithuanian Lancers,,Cavalry,Light,l,4,1,Squadrons,7,Painted,p,Lithuanian Lancers,56
Russian,I Corps,Prince Bagration,I Cavalry Corps / 1st Kurassier Division,GL Uvarov / GL Deperadovitch,4th Brigade,GM Platov,Horse Artillery Battery,,Artillery,,,6,4,Guns,9,Substitute,s,Horse Artillery Battery,57
Russian,II Corps,GDK Wittgenstein,3rd Division,GL Konovnitsyn,5th Brigade,GM Kapsevitch,Little Russia Grenadiers,sub in V,Infantry,Heavy,h,6,1,Battalions,26,Painted,p,Little Russia Grenadiers (sub in V),72
Russian,II Corps,GDK Wittgenstein,3rd Division,GL Konovnitsyn,5th Brigade,GM Kapsevitch,Kiev Grenadiers,sub in V,Infantry,Heavy,h,6,1,Battalions,26,Painted,p,Kiev Grenadiers (sub in V),73
Russian,II Corps,GDK Wittgenstein,3rd Division,GL Konovnitsyn,5th Brigade,GM Kapsevitch,Siberia Grenadiers,sub in V,Infantry,Heavy,h,6,1,Battalions,23,Painted,p,Siberia Grenadiers (sub in V),74
Russian,II Corps,GDK Wittgenstein,3rd Division,GL Konovnitsyn,5th Brigade,GM Kapsevitch,7th Jagers,sub in V,Infantry,Light,l,4,1,Battalions,21,Painted,p,7th Jagers (sub in V),75
Russian,II Corps,GDK Wittgenstein,3rd Division,GL Konovnitsyn,6th Brigade,GM Selekhov,Ukraine Regt.,sub in V,Infantry,Heavy,h,4,2,Battalions,44,Painted,p,Ukraine Regt. (sub in V),77
Russian,II Corps,GDK Wittgenstein,3rd Division,GL Konovnitsyn,6th Brigade,GM Selekhov,20th Jagers,sub in V,Infantry,Light,l,4,1,Battalions,21,Painted,p,20th Jagers (sub in V),78
Russian,II Corps,GDK Wittgenstein,3rd Division,GL Konovnitsyn,6th Brigade,GM Selekhov,Smolensk Militia,sub in V,Infantry,Heavy,h,2,2,Battalions,44,Unpainted,u,Smolensk Militia (sub in V),79
Russian,II Corps,GDK Wittgenstein,3rd Division,GL Konovnitsyn,6th Brigade,GM Selekhov,1st (Heavy) Artillery Battery,,Artillery,,,6,4,Guns,12,Painted,p,1st (Heavy) Artillery Battery,80
Russian,II Corps,GDK Wittgenstein,3rd Division,GL Konovnitsyn,6th Brigade,GM Selekhov,3rd (Heavy) Artillery Battery,1/2,Artillery,,,6,2,Guns,6,Painted,p,3rd (Heavy) Artillery Battery (1/2),81
Russian,II Corps,GDK Wittgenstein,4th Division,GL Osterman-Tolstoy,7th Brigade,GM Kolubakin,Riazan Regt.,,Infantry,Heavy,h,3,3,Battalions,54,Painted,p,Riazan Regt.,87
Russian,II Corps,GDK Wittgenstein,4th Division,GL Osterman-Tolstoy,7th Brigade,GM Kolubakin,Marine Batt.,,Infantry,Heavy,h,3,1,Battalions,18,Painted,p,Marine Batt.,88
Russian,II Corps,GDK Wittgenstein,4th Division,GL Osterman-Tolstoy,8th Brigade,GM Liebart,1st Combined Regt.,Jagers; sub in V,Infantry,Light,l,3,2,Battalions,38,Unpainted,u,1st Combined Regt. (Jagers) (sub in V),90
Russian,II Corps,GDK Wittgenstein,4th Division,GL Osterman-Tolstoy,8th Brigade,GM Liebart,5th Combined Regt.,sub in V,Infantry,Heavy,h,3,2,Battalions,40,Unpainted,u,5th Combined Regt. (sub in V),91
Russian,II Corps,GDK Wittgenstein,4th Division,GL Osterman-Tolstoy,8th Brigade,GM Liebart,6th (Light) Artillery Battery,,Artillery,,,6,4,Guns,9,Painted,p,6th (Light) Artillery Battery,92
Russian,II Corps,GDK Wittgenstein,II Cavalry Corps,GL Lissanevitch,5th Brigade,GM Schaevitch,Mitau Dragoon Regt.,sub in IV,Cavalry,Medium,m,4,3,Squadrons,19,Painted,p,Mitau Dragoon Regt. (sub in IV),98
Russian,II Corps,GDK Wittgenstein,II Cavalry Corps,GL Lissanevitch,5th Brigade,GM Schaevitch,Nejinski Dragoon Regt.,sub in IV,Cavalry,Medium,m,4,3,Squadrons,19,Unpainted,u,Nejinski Dragoon Regt. (sub in IV),99
Russian,II Corps,GDK Wittgenstein,II Cavalry Corps,GL Lissanevitch,6th Brigade,GM Yurkovsky,Pereiaslav Dragoon Regt.,sub in IV,Cavalry,Medium,m,4,3,Squadrons,19,Painted,p,Pereiaslav Dragoon Regt. (sub in IV),101
Russian,II Corps,GDK Wittgenstein,II Cavalry Corps,GL Lissanevitch,6th Brigade,GM Yurkovsky,Kurland Dragoon Regt.,sub in IV,Cavalry,Medium,m,4,4,Squadrons,25,Painted,p,Kurland Dragoon Regt. (sub in IV),102
Russian,II Corps,GDK Wittgenstein,II Cavalry Corps,GL Lissanevitch,7th Brigade,GM Paradovsky,Olviopol Hussars,sub: Pr 6th Huss,Cavalry,Light,l,6,4,Squadrons,25,Substitute,s,Olviopol Hussars (sub: Pr 6th Huss),104
Russian,II Corps,GDK Wittgenstein,II Cavalry Corps,GL Lissanevitch,7th Brigade,GM Paradovsky,Astrakhan Hussars,sub: Pr 4th Huss,Cavalry,Light,l,6,4,Squadrons,25,Substitute,s,Astrakhan Hussars (sub: Pr 4th Huss),105
Russian,II Corps,GDK Wittgenstein,II Cavalry Corps,GL Lissanevitch,7th Brigade,GM Paradovsky,Isum Hussars,"sub: Sumski, fr IV",Cavalry,Light,l,6,3,Squadrons,19,Substitute,s,"Isum Hussars (sub: Sumski, fr IV)",106
Russian,II Corps,GDK Wittgenstein,II Cavalry Corps,GL Lissanevitch,7th Brigade,GM Paradovsky,1st Horse Artillery Battery,,Artillery,,,5,3,Guns,7,Painted,p,1st Horse Artillery Battery,107
Russian,III Corps,GDI Docturov,5th Division,GL Baggaovout,9th Brigade,GM Kozaczkoffski,Ekaterinoslav Grenadiers,sub in IV,Infantry,Heavy,h,6,1,Battalions,26,Painted,p,Ekaterinoslav Grenadiers (sub in IV),124
Russian,III Corps,GDI Docturov,5th Division,GL Baggaovout,9th Brigade,GM Kozaczkoffski,St. Petersburg Grenadiers,sub in IV,Infantry,Heavy,h,6,1,Battalions,26,Painted,p,St. Petersburg Grenadiers (sub in IV),125
Russian,III Corps,GDI Docturov,5th Division,GL Baggaovout,9th Brigade,GM Kozaczkoffski,Moscow Grenadiers,sub in VI,Infantry,Heavy,h,6,1,Battalions,18,Painted,p,Moscow Grenadiers (sub in VI),126
Russian,III Corps,GDI Docturov,5th Division,GL Baggaovout,9th Brigade,GM Kozaczkoffski,Pavlovski Grenadiers,Provisional; sub in VI,Infantry,Heavy,h,7,1,Battalions,22,Painted,p,Pavlovski Grenadiers (Provisional)(sub in VI),127
Russian,III Corps,GDI Docturov,5th Division,GL Baggaovout,10th Brigade,GM Urusov,Narva Regt.,sub in ?,Infantry,Heavy,h,4,2,Battalions,46,Painted,p,Narva Regt. (sub in ?),129
Russian,III Corps,GDI Docturov,5th Division,GL Baggaovout,10th Brigade,GM Urusov,Smolensk Regt.,sub in I,Infantry,Heavy,h,4,2,Battalions,46,Painted,p,Smolensk Regt. (sub in I),130
Russian,III Corps,GDI Docturov,5th Division,GL Baggaovout,10th Brigade,GM Urusov,49th Jagers,sub in VI,Infantry,Light,l,4,1,Battalions,22,Painted,p,49th Jagers (sub in VI),131
Russian,III Corps,GDI Docturov,5th Division,GL Baggaovout,10th Brigade,GM Urusov,2nd (Heavy) Artillery Battery,,Artillery,,,6,4,Guns,12,Painted,p,2nd (Heavy) Artillery Battery,132
Russian,III Corps,GDI Docturov,5th Division,GL Baggaovout,10th Brigade,GM Urusov,3rd (Heavy) Artillery Battery,1/2,Artillery,,,6,2,Guns,6,Painted,p,3rd (Heavy) Artillery Battery (1/2),133
Russian,III Corps,GDI Docturov,6th Division,GL Sazonov,11th Brigade,Col. Frolov,Archangel Regt.,sub in VI,Infantry,Heavy,h,4,2,Battalions,46,Painted,p,Archangel Regt. (sub in VI),139
Russian,III Corps,GDI Docturov,6th Division,GL Sazonov,11th Brigade,Col. Frolov,New Ingermanland Regt.,sub in VI,Infantry,Heavy,h,4,2,Battalions,46,Painted,p,New Ingermanland Regt. (sub in VI),140
Russian,III Corps,GDI Docturov,6th Division,GL Sazonov,12th Brigade,GM Helfriech,3rd Combined Regt.,Jagers; sub in VI,Infantry,Light,l,3,2,Battalions,38,Unpainted,u,3rd Combined Regt. (Jagers)(sub in VI),142
Russian,III Corps,GDI Docturov,6th Division,GL Sazonov,12th Brigade,GM Helfriech,8th Combined Regt.,sub in VI,Infantry,Heavy,h,3,2,Battalions,40,Unpainted,u,8th Combined Regt. (sub in VI),143
Russian,III Corps,GDI Docturov,6th Division,GL Sazonov,12th Brigade,GM Helfriech,7th (Light) Artillery Battery,,Artillery,,,6,4,Guns,9,Painted,p,7th (Light) Artillery Battery,144
Russian,III Corps,GDI Docturov,III Cavalry Corps / 2nd Kurassier Division,GL Trubetzkoy / GL Pahlen,8th Brigade,GM Gladkov,Little Russian Kurassier Regt.,sub in I,Cavalry,Heavy,h,6,4,Squadrons,25,Painted,p,Little Russian Kurassier Regt. (sub in I),151
Russian,III Corps,GDI Docturov,III Cavalry Corps / 2nd Kurassier Division,GL Trubetzkoy / GL Pahlen,8th Brigade,GM Gladkov,Gluchov Kurassier Regt.,sub in I,Cavalry,Heavy,h,6,4,Squadrons,25,Unpainted,u,Gluchov Kurassier Regt. (sub in I),152
Russian,III Corps,GDI Docturov,III Cavalry Corps / 2nd Kurassier Division,GL Trubetzkoy / GL Pahlen,9th Brigade,GM Sievers,Order of Merit Kurassier Regt.,sub in V,Cavalry,Heavy,h,7,4,Squadrons,25,Painted,p,Order of Merit Kurassier Regt. (sub in V),154
Russian,III Corps,GDI Docturov,III Cavalry Corps / 2nd Kurassier Division,GL Trubetzkoy / GL Pahlen,9th Brigade,GM Sievers,Ekaterinoslav Kurassier Regt.,sub in V,Cavalry,Heavy,h,6,4,Squadrons,25,Painted,p,Ekaterinoslav Kurassier Regt. (sub in V),155
Russian,III Corps,GDI Docturov,III Cavalry Corps / 2nd Kurassier Division,GL Trubetzkoy / GL Pahlen,10th Brigade,GM Levashov,Akhtyrsk Hussars,"sub: White Russian Hussars, fr I",Cavalry,Light,l,6,4,Squadrons,24,Substitute,s,"Akhtyrsk Hussars (sub: White Russian Hussars, fr I)",157
Russian,III Corps,GDI Docturov,III Cavalry Corps / 2nd Kurassier Division,GL Trubetzkoy / GL Pahlen,10th Brigade,GM Levashov,Mariopol Hussars,sub: Fr 11th Hussars,Cavalry,Light,l,6,4,Squadrons,25,Substitute,s,Mariopol Hussars (sub: Fr 11th Hussars),158
Russian,III Corps,GDI Docturov,III Cavalry Corps / 2nd Kurassier Division,GL Trubetzkoy / GL Pahlen,11th Brigade,GM Kaisarov,Polish Ulhans,,Cavalry,Light,l,3,3,Squadrons,19,Unpainted,u,Polish Ulhans,160
Russian,III Corps,GDI Docturov,III Cavalry Corps / 2nd Kurassier Division,GL Trubetzkoy / GL Pahlen,11th Brigade,GM Kaisarov,Don Cossacks,,Cavalry,Light,l,2,3,Squadrons,19,Painted,p,Don Cossacks,161
Russian,III Corps,GDI Docturov,III Cavalry Corps / 2nd Kurassier Division,GL Trubetzkoy / GL Pahlen,11th Brigade,GM Kaisarov,Bashkirs,,Cavalry,Light,l,1,2,Squadrons,15,Painted,p,Bashkirs,162
Russian,III Corps,GDI Docturov,III Cavalry Corps / 2nd Kurassier Division,GL Trubetzkoy / GL Pahlen,11th Brigade,GM Kaisarov,2nd Horse Artillery Battery,,Artillery,,,5,3,Guns,7,Painted,p,2nd Horse Artillery Battery,163
Russian,IV Corps,Admiral Tchichagov,7th Division,GL Strogonov,13th Brigade,GM Tsvilenev,Fangoria Grenadiers,sub,Infantry,Heavy,h,6,1,Battalions,26,Substitute,s,Fangoria Grenadiers (sub),180
Russian,IV Corps,Admiral Tchichagov,7th Division,GL Strogonov,13th Brigade,GM Tsvilenev,Astrakhan Grenadiers,sub,Infantry,Heavy,h,6,1,Battalions,26,Substitute,s,Astrakhan Grenadiers (sub),181
Russian,IV Corps,Admiral Tchichagov,7th Division,GL Strogonov,13th Brigade,GM Tsvilenev,Arakcheyev Grenadiers,,Infantry,Heavy,h,6,1,Battalions,26,Unpainted,u,Arakcheyev Grenadiers,182
Russian,IV Corps,Admiral Tchichagov,7th Division,GL Strogonov,13th Brigade,GM Tsvilenev,Tauride Grenadiers,,Infantry,Heavy,h,6,1,Battalions,26,Unpainted,u,Tauride Grenadiers,183
Russian,IV Corps,Admiral Tchichagov,7th Division,GL Strogonov,14th Brigade,Col. Dennisev,Rostov Regt.,,Infantry,Heavy,h,4,2,Battalions,46,Unpainted,u,Rostov Regt.,185
Russian,IV Corps,Admiral Tchichagov,7th Division,GL Strogonov,14th Brigade,Col. Dennisev,24th Jagers,,Infantry,Light,l,4,1,Battalions,21,Painted,p,24th Jagers,186
Russian,IV Corps,Admiral Tchichagov,7th Division,GL Strogonov,14th Brigade,Col. Dennisev,Novgorod Militia,,Infantry,Heavy,h,2,2,Battalions,44,Painted,p,Novgorod Militia,187
Russian,IV Corps,Admiral Tchichagov,7th Division,GL Strogonov,14th Brigade,Col. Dennisev,4th (Heavy) Artillery Battery,,Artillery,,,6,4,Guns,12,Painted,p,4th (Heavy) Artillery Battery,188
Russian,IV Corps,Admiral Tchichagov,7th Division,GL Strogonov,14th Brigade,Col. Dennisev,9th (Light) Artillery Battery,,Artillery,,,6,4,Guns,9,Painted,p,9th (Light) Artillery Battery,189
Russian,IV Corps,Admiral Tchichagov,8th Division,GL Bakhmetiev,15th Brigade,GM Rossi,Kursk Regt.,,Infantry,Heavy,h,3,2,Battalions,36,Painted,p,Kursk Regt.,195
Russian,IV Corps,Admiral Tchichagov,8th Division,GL Bakhmetiev,15th Brigade,GM Rossi,42nd Jagers,,Infantry,Light,l,4,1,Battalions,21,Painted,p,42nd Jagers,196
Russian,IV Corps,Admiral Tchichagov,8th Division,GL Bakhmetiev,15th Brigade,GM Rossi,St. Petersburg Militia,,Infantry,Heavy,h,1,1,Battalions,18,Unpainted,u,St. Petersburg Militia,197
Russian,IV Corps,Admiral Tchichagov,8th Division,GL Bakhmetiev,15th Brigade,GM Rossi,3rd Moscow Jager Militia,,Infantry,Light,l,2,1,Battalions,15,Painted,p,3rd Moscow Jager Militia,198
Russian,IV Corps,Admiral Tchichagov,8th Division,GL Bakhmetiev,16th Brigade,GM Potemkin,6th Combined Regt.,Jagers,Infantry,Light,l,3,2,Battalions,38,Unpainted,u,6th Combined Regt. (Jagers),200
Russian,IV Corps,Admiral Tchichagov,8th Division,GL Bakhmetiev,16th Brigade,GM Potemkin,10th Combined Regt.,,Infantry,Heavy,h,3,2,Battalions,40,Unpainted,u,10th Combined Regt.,201
Russian,IV Corps,Admiral Tchichagov,8th Division,GL Bakhmetiev,16th Brigade,GM Potemkin,8th (Light) Artillery Battery,,Artillery,,,6,4,Guns,9,Painted,p,8th (Light) Artillery Battery,202
Russian,IV Corps,Admiral Tchichagov,IV Cavalry Corps,GL Sievers,12th Brigade,GM Davydov,Orenbourg Dragoon Regt.,"sub: Mitau, fr II",Cavalry,Heavy,h,4,3,Squadrons,19,Substitute,s,"Orenbourg Dragoon Regt. (sub: Mitau, fr II)",208
Russian,IV Corps,Admiral Tchichagov,IV Cavalry Corps,GL Sievers,12th Brigade,GM Davydov,Kiev Dragoon Regt.,"sub: Pereiaslav, fr II",Cavalry,Heavy,h,4,3,Squadrons,19,Substitute,s,"Kiev Dragoon Regt. (sub: Pereiaslav, fr II)",209
Russian,IV Corps,Admiral Tchichagov,IV Cavalry Corps,GL Sievers,13th Brigade,GM Korff,Kinburn Dragoon Regt.,"sub: Nijinski, fr II",Cavalry,Heavy,h,4,3,Squadrons,19,Unpainted,u,"Kinburn Dragoon Regt. (sub: Nijinski, fr II)",211
Russian,IV Corps,Admiral Tchichagov,IV Cavalry Corps,GL Sievers,13th Brigade,GM Korff,Kiev Dragoon Regt.,"sub: Kurland, fr II",Cavalry,Heavy,h,4,4,Squadrons,25,Substitute,s,"Kiev Dragoon Regt. (sub: Kurland, fr II)",212
Russian,IV Corps,Admiral Tchichagov,IV Cavalry Corps,GL Sievers,14th Brigade,GM Klebeck,Sumski Hussars,sub in III,Cavalry,Light,l,6,3,Squadrons,19,Painted,p,Sumski Hussars (sub in III),214
Russian,IV Corps,Admiral Tchichagov,IV Cavalry Corps,GL Sievers,14th Brigade,GM Klebeck,Elizabethgrad Hussars,,Cavalry,Light,l,6,3,Squadrons,19,Unpainted,u,Elizabethgrad Hussars,215
Russian,IV Corps,Admiral Tchichagov,IV Cavalry Corps,GL Sievers,15th Brigade,GM Denisov,Tiraspol Horse Jagers,sub in IV,Cavalry,Light,l,3,3,Squadrons,19,Painted,p,Tiraspol Horse Jagers (sub in IV),217
Russian,IV Corps,Admiral Tchichagov,IV Cavalry Corps,GL Sievers,15th Brigade,GM Denisov,Cossack Regt. #2 Komissorov,sub in Ru IV,Cavalry,Light,l,4,4,Squadrons,25,Painted,p,Cossack Regt. #2 Komissorov (sub in Ru IV),218
Russian,IV Corps,Admiral Tchichagov,IV Cavalry Corps,GL Sievers,15th Brigade,GM Denisov,Cossack Regt. #7 Denisov,sub in Ru IV,Cavalry,Light,l,4,3,Squadrons,19,Painted,p,Cossack Regt. #7 Denisov (sub in Ru IV),219
Russian,IV Corps,Admiral Tchichagov,IV Cavalry Corps,GL Sievers,15th Brigade,GM Denisov,Cossack Regt. # Grevtsov,,Cavalry,Light,l,4,3,Squadrons,19,Painted,p,Cossack Regt. #  Grevtsov,220
Russian,IV Corps,Admiral Tchichagov,IV Cavalry Corps,GL Sievers,15th Brigade,GM Denisov,3rd Horse Artillery Battery,,Artillery,,,5,3,Guns,7,Painted,p,3rd Horse Artillery Battery,221
Swedish,I Corps (Swedish),Field Marshall Stedingk,1st Division,M.G. Posse,1st Brigade,M.G. Schultzenheim,Svea Livgarde,,Infantry,Heavy,h,7,2,Battalions,61,Painted,p,Svea Livgarde,14
Swedish,I Corps (Swedish),Field Marshall Stedingk,1st Division,M.G. Posse,1st Brigade,M.G. Schultzenheim,Andra Livgarde,,Infantry,Heavy,h,7,2,Battalions,62,Painted,p,Andra Livgarde,15
Swedish,I Corps (Swedish),Field Marshall Stedingk,1st Division,M.G. Posse,1st Brigade,M.G. Schultzenheim,King's Own Enlisted Regt.,,Infantry,Heavy,h,5,1,Battalions,32,Painted,p,King's Own Enlisted Regt.,16
Swedish,I Corps (Swedish),Field Marshall Stedingk,1st Division,M.G. Posse,1st Brigade,M.G. Schultzenheim,Artillery Battery A,12 pdrs.,Artillery,,,5,4,Guns,12,Painted,p,Artillery Battery A (12 pdrs.),17
Swedish,I Corps (Swedish),Field Marshall Stedingk,1st Division,M.G. Posse,2nd Brigade,M.G. Reuterskold,Livregiment Brigade Grenadier Corps,,Infantry,Heavy,h,6,2,Battalions,60,Painted,p,Livregiment Brigade Grenadier Corps,19
Swedish,I Corps (Swedish),Field Marshall Stedingk,1st Division,M.G. Posse,2nd Brigade,M.G. Reuterskold,Livgrenadier Regiment,,Infantry,Heavy,h,6,2,Battalions,76,Painted,p,Livgrenadier Regiment,20
Swedish,I Corps (Swedish),Field Marshall Stedingk,1st Division,M.G. Posse,2nd Brigade,M.G. Reuterskold,Queen's Livregiment,,Infantry,Heavy,h,5,1,Battalions,37,Painted,p,Queen's Livregiment,21
Swedish,I Corps (Swedish),Field Marshall Stedingk,1st Division,M.G. Posse,2nd Brigade,M.G. Reuterskold,Artillery Battery C,1/2,Artillery,,,5,2,Guns,4,Painted,p,Artillery Battery C (1/2),22
Swedish,I Corps (Swedish),Field Marshall Stedingk,2nd Divison,L.G. Sandels,3rd Brigade,M.G. Lagerbring,Uppland Regt.,,Infantry,Heavy,h,4,3,Battalions,78,Painted,p,Uppland Regt.,27
Swedish,I Corps (Swedish),Field Marshall Stedingk,2nd Divison,L.G. Sandels,3rd Brigade,M.G. Lagerbring,Sodermanland Regt.,,Infantry,Heavy,h,4,1,Battalions,26,Painted,p,Sodermanland Regt.,28
Swedish,I Corps (Swedish),Field Marshall Stedingk,2nd Divison,L.G. Sandels,3rd Brigade,M.G. Lagerbring,Varmland Field Jager Corps,,Infantry,Light,r,5,1,Battalions,21,Painted,p,Varmland Field Jager Corps,29
Swedish,I Corps (Swedish),Field Marshall Stedingk,2nd Divison,L.G. Sandels,3rd Brigade,M.G. Lagerbring,Artillery Battery B,12 pdrs.,Artillery,,,4,4,Guns,12,Painted,p,Artillery Battery B (12 pdrs.),30
Swedish,I Corps (Swedish),Field Marshall Stedingk,2nd Divison,L.G. Sandels,4th Brigade,M.G. Weibge,Vastmanland Regt.,,Infantry,Heavy,h,4,2,Battalions,54,Painted,p,Vastmanland Regt.,32
Swedish,I Corps (Swedish),Field Marshall Stedingk,2nd Divison,L.G. Sandels,4th Brigade,M.G. Weibge,Bohusland Regt.,,Infantry,Heavy,h,4,2,Battalions,54,Painted,p,Bohusland Regt.,33
Swedish,I Corps (Swedish),Field Marshall Stedingk,2nd Divison,L.G. Sandels,4th Brigade,M.G. Weibge,Artillery Battery C,1/2,Artillery,,,5,2,Guns,6,Painted,p,Artillery Battery C (1/2),34
Swedish,I Corps (Swedish),Field Marshall Stedingk,1st Cavalry Division,M.G. Malmborg,1st Brigade,M.G. Brandstroem,Hussars of the Guard,,Cavalry,Light,l,6,4,Squadrons,25,Painted,p,Hussars of the Guard,39
Swedish,I Corps (Swedish),Field Marshall Stedingk,1st Cavalry Division,M.G. Malmborg,1st Brigade,M.G. Brandstroem,Livregiment Brigade Dragoon Corps,,Cavalry,Light,l,5,4,Squadrons,25,Painted,p,Livregiment Brigade Dragoon Corps,40
Swedish,I Corps (Swedish),Field Marshall Stedingk,1st Cavalry Division,M.G. Malmborg,1st Brigade,M.G. Brandstroem,Jemptlands Horse Jagare Corps,,Cavalry,Light,l,5,4,Squadrons,25,Painted,p,Jemptlands Horse Jagare Corps,41
Swedish,I Corps (Swedish),Field Marshall Stedingk,1st Cavalry Division,M.G. Malmborg,2nd Brigade,M.G.,Garde du Corps,,Cavalry,Light,l,7,4,Squadrons,25,Painted,p,Garde du Corps,43
Swedish,I Corps (Swedish),Field Marshall Stedingk,1st Cavalry Division,M.G. Malmborg,2nd Brigade,M.G.,Smalland Dragoons,,Cavalry,Medium,m,4,4,Squadrons,25,Painted,p,Smalland Dragoons,44
Swedish,I Corps (Swedish),Field Marshall Stedingk,1st Cavalry Division,M.G. Malmborg,3rd Brigade,M.G. Cronstedt,Guard Cuirassiers,,Cavalry,Heavy,h,6,6,Squadrons,38,Painted,p,Guard Cuirassiers,46
Swedish,I Corps (Swedish),Field Marshall Stedingk,1st Cavalry Division,M.G. Malmborg,3rd Brigade,M.G. Cronstedt,Skanska Carabiniers,,Cavalry,Medium,m,5,5,Squadrons,31,Painted,p,Skanska Carabiniers,47
Swedish,I Corps (Swedish),Field Marshall Stedingk,1st Cavalry Division,M.G. Malmborg,3rd Brigade,M.G. Cronstedt,Horse Artillery Battery A,,Artillery,,,5,3,Guns,7,Painted,p,Horse Artillery Battery A,48
Swedish,II Corps (Swedish),General-Lieutenant Essen,3rd Divison,L.G. von Vegesack,5th Brigade,M.G. Brandstrum,Vastgota Regt.,,Infantry,Heavy,h,4,2,Battalions,54,Painted,p,Vastgota Regt.,64
Swedish,II Corps (Swedish),General-Lieutenant Essen,3rd Divison,L.G. von Vegesack,5th Brigade,M.G. Brandstrum,Kronoberg Regt.,,Infantry,Heavy,h,4,1,Battalions,31,Painted,p,Kronoberg Regt.,65
Swedish,II Corps (Swedish),General-Lieutenant Essen,3rd Divison,L.G. von Vegesack,5th Brigade,M.G. Brandstrum,Kalmar Regt.,,Infantry,Heavy,h,4,1,Battalions,26,Painted,p,Kalmar Regt.,66
Swedish,II Corps (Swedish),General-Lieutenant Essen,3rd Divison,L.G. von Vegesack,5th Brigade,M.G. Brandstrum,Artillery Battery B,12 pdrs.,Artillery,,,5,4,Guns,12,Painted,p,Artillery Battery B (12 pdrs.),67
Swedish,II Corps (Swedish),General-Lieutenant Essen,3rd Divison,L.G. von Vegesack,6th Brigade,M.G. Boize,Royal Suedois,,Infantry,Heavy,h,3,1,Battalions,30,Painted,p,Royal Suedois,69
Swedish,II Corps (Swedish),General-Lieutenant Essen,3rd Divison,L.G. von Vegesack,6th Brigade,M.G. Boize,Pommerska Landwehr,,Infantry,Heavy,h,2,1,Battalions,27,Painted,p,Pommerska Landwehr,70
Swedish,II Corps (Swedish),General-Lieutenant Essen,3rd Divison,L.G. von Vegesack,6th Brigade,M.G. Boize,von Engelbrechten Regt.,,Infantry,Heavy,h,3,1,Battalions,37,Painted,p,von Engelbrechten Regt.,71
Swedish,II Corps (Swedish),General-Lieutenant Essen,3rd Divison,L.G. von Vegesack,6th Brigade,M.G. Boize,Artillery Battery D,1/2,Artillery,,,4,2,Guns,4,Painted,p,Artillery Battery D (1/2),72
Swedish,II Corps (Swedish),General-Lieutenant Essen,4th Division (Finnish),L.G. Adlercreutz,7th Brigade (Bjorneborg),M.G. Dobeln,Queen Dowager's Regt.,,Infantry,Heavy,h,6,1,Battalions,32,Painted,p,Queen Dowager's Regt.,78
Swedish,II Corps (Swedish),General-Lieutenant Essen,4th Division (Finnish),L.G. Adlercreutz,7th Brigade (Bjorneborg),M.G. Dobeln,Bjorneborg Regt.,,Infantry,Heavy,h,5,2,Battalions,54,Painted,p,Bjorneborg Regt.,79
Swedish,II Corps (Swedish),General-Lieutenant Essen,4th Division (Finnish),L.G. Adlercreutz,7th Brigade (Bjorneborg),M.G. Dobeln,"Savolax Regt., 1st Batt.",,Infantry,Heavy,h,5,1,Battalions,27,Painted,p,"Savolax Regt., 1st Batt.",80
Swedish,II Corps (Swedish),General-Lieutenant Essen,4th Division (Finnish),L.G. Adlercreutz,7th Brigade (Bjorneborg),M.G. Dobeln,Savolax Jagare,,Infantry,Light,r,6,1,Battalions,25,Painted,p,Savolax Jagare,81
Swedish,II Corps (Swedish),General-Lieutenant Essen,4th Division (Finnish),L.G. Adlercreutz,7th Brigade (Bjorneborg),M.G. Dobeln,Finnish Artillery Battery A,,Artillery,,,4,3,Guns,7,Painted,p,Finnish Artillery Battery A,82
Swedish,II Corps (Swedish),General-Lieutenant Essen,4th Division (Finnish),L.G. Adlercreutz,8th Brigade (Nyland),M.G. Degyllenbogel,Abo Lans Batt.,,Infantry,Heavy,h,5,1,Battalions,26,Painted,p,Abo Lans Batt.,84
Swedish,II Corps (Swedish),General-Lieutenant Essen,4th Division (Finnish),L.G. Adlercreutz,8th Brigade (Nyland),M.G. Degyllenbogel,"Osterbotten Regt., 1st Batt.",,Infantry,Heavy,h,5,1,Battalions,27,Painted,p,"Osterbotten Regt., 1st Batt.",85
Swedish,II Corps (Swedish),General-Lieutenant Essen,4th Division (Finnish),L.G. Adlercreutz,8th Brigade (Nyland),M.G. Degyllenbogel,Kajana Batt.,,Infantry,Heavy,h,5,1,Battalions,26,Painted,p,Kajana Batt.,86
Swedish,II Corps (Swedish),General-Lieutenant Essen,4th Division (Finnish),L.G. Adlercreutz,8th Brigade (Nyland),M.G. Degyllenbogel,Karelska Jagare,,Infantry,Light,r,6,1,Battalions,25,Painted,p,Karelska Jagare,87
Swedish,II Corps (Swedish),General-Lieutenant Essen,4th Division (Finnish),L.G. Adlercreutz,9th Brigade,M.G.,"Bjorneborg Regt., Vargering Batt.",,Infantry,Heavy,h,3,1,Battalions,26,Painted,p,"Bjorneborg Regt., Vargering Batt.",89
Swedish,II Corps (Swedish),General-Lieutenant Essen,4th Division (Finnish),L.G. Adlercreutz,9th Brigade,M.G.,"Nyland Regt., Vargering Batt.",,Infantry,Heavy,h,3,1,Battalions,26,Painted,p,"Nyland Regt., Vargering Batt.",90
Swedish,II Corps (Swedish),General-Lieutenant Essen,4th Division (Finnish),L.G. Adlercreutz,9th Brigade,M.G.,"Abo Lans Regt., Vargering Batt.",,Infantry,Heavy,h,3,1,Battalions,26,Painted,p,"Abo Lans Regt., Vargering Batt.",91
Swedish,II Corps (Swedish),General-Lieutenant Essen,4th Division (Finnish),L.G. Adlercreutz,9th Brigade,M.G.,Finnish Artillery Battery B,,Artillery,,,4,3,Guns,7,Painted,p,Finnish Artillery Battery B,92
Swedish,II Corps (Swedish),General-Lieutenant Essen,2nd Cavalry Division,M.G. Nisbeth,4th Brigade,M.G. Bergenstrale,Morner Hussars,,Cavalry,Light,l,5,4,Squadrons,25,Painted,p,Morner Hussars,98
Swedish,II Corps (Swedish),General-Lieutenant Essen,2nd Cavalry Division,M.G. Nisbeth,4th Brigade,M.G. Bergenstrale,Skanska Hussars,,Cavalry,Light,l,5,4,Squadrons,25,Painted,p,Skanska Hussars,99
Swedish,II Corps (Swedish),General-Lieutenant Essen,2nd Cavalry Division,M.G. Nisbeth,5th Brigade (Finnish),M.G. Fleming,Nyland Dragoon Regt.,,Cavalry,Light,l,5,4,Squadrons,25,Unpainted,u,Nyland Dragoon Regt.,101
Swedish,II Corps (Swedish),General-Lieutenant Essen,2nd Cavalry Division,M.G. Nisbeth,5th Brigade (Finnish),M.G. Fleming,Karelska Dragoon Regt.,,Cavalry,Light,l,5,4,Squadrons,25,Unpainted,u,Karelska Dragoon Regt.,102
Swedish,II Corps (Swedish),General-Lieutenant Essen,2nd Cavalry Division,M.G. Nisbeth,5th Brigade (Finnish),M.G. Fleming,Horse Artillery Battery B,,Artillery,,,5,3,Guns,7,Painted,p,Horse Artillery Battery B,103
Swedish,III Corps,General-Lieutenant Graf Wallmolden,5th Division (Hanoverian),L.G. Lyon,9th Brigade,M.G. H. Halkett,von Bennigsen Batt.,,Infantry,Heavy,h,3,1,Battalions,33,Painted,p,von Bennigsen Batt.,119
Swedish,III Corps,General-Lieutenant Graf Wallmolden,5th Division (Hanoverian),L.G. Lyon,9th Brigade,M.G. H. Halkett,Bremen-Verden Batt.,,Infantry,Heavy,h,3,1,Battalions,33,Unpainted,u,Bremen-Verden Batt.,120
Swedish,III Corps,General-Lieutenant Graf Wallmolden,5th Division (Hanoverian),L.G. Lyon,9th Brigade,M.G. H. Halkett,Luneburg Light Batt.,,Infantry,Light,s,4,1,Battalions,9,Painted,p,Luneburg Light Batt.,121
Swedish,III Corps,General-Lieutenant Graf Wallmolden,5th Division (Hanoverian),L.G. Lyon,9th Brigade,M.G. H. Halkett,von Kielmansegge Rifle Batt.,,Infantry,Light,r,4,1,Battalions,17,Painted,p,von Kielmansegge Rifle Batt.,122
Swedish,III Corps,General-Lieutenant Graf Wallmolden,5th Division (Hanoverian),L.G. Lyon,9th Brigade,M.G. H. Halkett,Hanoverian Foot Battery,,Artillery,,,4,2,Guns,4,Painted,p,Hanoverian Foot Battery,123
Swedish,III Corps,General-Lieutenant Graf Wallmolden,5th Division (Hanoverian),L.G. Lyon,10th Brigade,M.G. Holtzerman,Anhalt-Dessau Batt.,,Infantry,Heavy,h,3,1,Battalions,27,Painted,p,Anhalt-Dessau Batt.,125
Swedish,III Corps,General-Lieutenant Graf Wallmolden,5th Division (Hanoverian),L.G. Lyon,10th Brigade,M.G. Holtzerman,Hamburg Batt.,,Infantry,Heavy,h,3,1,Battalions,33,Unpainted,u,Hamburg Batt.,126
Swedish,III Corps,General-Lieutenant Graf Wallmolden,5th Division (Hanoverian),L.G. Lyon,10th Brigade,M.G. Holtzerman,Lubeck Batt.,,Infantry,Heavy,h,3,1,Battalions,33,Unpainted,u,Lubeck Batt.,127
Swedish,III Corps,General-Lieutenant Graf Wallmolden,5th Division (Hanoverian),L.G. Lyon,10th Brigade,M.G. Holtzerman,Osnabruck Light Batt.,,Infantry,Light,s,4,1,Battalions,13,Unpainted,u,Osnabruck Light Batt.,128
Swedish,III Corps,General-Lieutenant Graf Wallmolden,5th Division (Hanoverian),L.G. Lyon,10th Brigade,M.G. Holtzerman,Hanoverian Jager Batt.,,Infantry,Light,r,4,1,Battalions,17,Unpainted,u,Hanoverian Jager Batt.,129
Swedish,III Corps,General-Lieutenant Graf Wallmolden,5th Division (Hanoverian),L.G. Lyon,10th Brigade,M.G. Holtzerman,Hanoverian Foot Battery,,Artillery,,,4,2,Guns,4,Unpainted,u,Hanoverian Foot Battery,130
Swedish,III Corps,General-Lieutenant Graf Wallmolden,6th Division (Russ-Germ/Norweg),GL Arentschildt,11th Brigade,GM Natzmer,1st Batt. RGL,,Infantry,Heavy,h,3,1,Battalions,26,Painted,p,1st Batt. RGL,136
Swedish,III Corps,General-Lieutenant Graf Wallmolden,6th Division (Russ-Germ/Norweg),GL Arentschildt,11th Brigade,GM Natzmer,2nd Batt. RGL,,Infantry,Heavy,h,3,1,Battalions,26,Painted,p,2nd Batt. RGL,137
Swedish,III Corps,General-Lieutenant Graf Wallmolden,6th Division (Russ-Germ/Norweg),GL Arentschildt,11th Brigade,GM Natzmer,3rd Batt. RGL,,Infantry,Heavy,h,3,1,Battalions,26,Painted,p,3rd Batt. RGL,138
Swedish,III Corps,General-Lieutenant Graf Wallmolden,6th Division (Russ-Germ/Norweg),GL Arentschildt,11th Brigade,GM Natzmer,Jager detach. RGL,,Infantry,Light,r,5,1,Battalions,11,Painted,p,Jager detach. RGL,139
Swedish,III Corps,General-Lieutenant Graf Wallmolden,6th Division (Russ-Germ/Norweg),GL Arentschildt,12th Brigade,GM Staffeldt,Norwegian Life Regt.,,Infantry,Heavy,h,5,2,Battalions,62,Painted,p,Norwegian Life Regt.,141
Swedish,III Corps,General-Lieutenant Graf Wallmolden,6th Division (Russ-Germ/Norweg),GL Arentschildt,12th Brigade,GM Staffeldt,Norwegian Bergenhusiske Regt.,,Infantry,Heavy,h,4,1,Battalions,27,Painted,p,Norwegian Bergenhusiske Regt.,142
Swedish,III Corps,General-Lieutenant Graf Wallmolden,6th Division (Russ-Germ/Norweg),GL Arentschildt,12th Brigade,GM Staffeldt,Skiloper Jagare,,Infantry,Light,r,4,1,Battalions,17,Painted,p,Skiloper Jagare,143
Swedish,III Corps,General-Lieutenant Graf Wallmolden,6th Division (Russ-Germ/Norweg),GL Arentschildt,12th Brigade,GM Staffeldt,Leirdalske Light Infantry,,Infantry,Light,s,4,0.5,Battalions,8,Painted,p,Leirdalske Light Infantry,144
Swedish,III Corps,General-Lieutenant Graf Wallmolden,6th Division (Russ-Germ/Norweg),GL Arentschildt,12th Brigade,GM Staffeldt,Rorosske Volunteer Mountain Corp,,Infantry,Light,s,4,0.5,Battalions,6,Painted,p,Rorosske Volunteer Mountain Corp,145
Swedish,III Corps,General-Lieutenant Graf Wallmolden,6th Division (Russ-Germ/Norweg),GL Arentschildt,12th Brigade,GM Staffeldt,Norwegian Artillery Battery,,Artillery,,,4,2,Guns,4,Painted,p,Norwegian Artillery Battery,146
Swedish,III Corps,General-Lieutenant Graf Wallmolden,3rd Cavalry Division,GM von Dornberg,6th Brigade,GM Monhaupt,1st RGL Hussars,,Cavalry,Light,l,4,3,Squadrons,19,Unpainted,u,1st RGL Hussars,153
Swedish,III Corps,General-Lieutenant Graf Wallmolden,3rd Cavalry Division,GM von Dornberg,6th Brigade,GM Monhaupt,2nd RGL Hussars,,Cavalry,Light,l,4,3,Squadrons,19,Unpainted,u,2nd RGL Hussars,154
Swedish,III Corps,General-Lieutenant Graf Wallmolden,3rd Cavalry Division,GM von Dornberg,7th Brigade,M.G. von Schill,Trondhjemske Dragoon Regt.,,Cavalry,Light,l,4,3,Squadrons,19,Unpainted,u,Trondhjemske Dragoon Regt.,156
Swedish,III Corps,General-Lieutenant Graf Wallmolden,3rd Cavalry Division,GM von Dornberg,7th Brigade,M.G. von Schill,Mecklinburg Horse Jaegers,,Cavalry,Light,l,3,3,Squadrons,19,Painted,p,Mecklinburg Horse Jaegers,157
Swedish,III Corps,General-Lieutenant Graf Wallmolden,3rd Cavalry Division,GM von Dornberg,7th Brigade,M.G. von Schill,Mecklinburg Light Dragoons,,Cavalry,Light,l,3,2,Squadrons,13,Painted,p,Mecklinburg Light Dragoons,158
Swedish,III Corps,General-Lieutenant Graf Wallmolden,3rd Cavalry Division,GM von Dornberg,7th Brigade,M.G. von Schill,Pomerska Till Hast,Pommeranian Lif Guard,Cavalry,Light,l,6,0.5,Squadrons,3,Painted,p,Pomerska Till Hast (Pommeranian Lif Guard),159
Swedish,III Corps,General-Lieutenant Graf Wallmolden,3rd Cavalry Division,GM von Dornberg,7th Brigade,M.G. von Schill,Horse Battery,,Artillery,,,5,3,Guns,7,Painted,p,Horse Battery,160
Swedish,IV Corps,HRH William Prince of Orange,8th Division (1st Dutch),L.G. Perponcher,15th Brigade,M.G. Bijlandt,27th Dutch Jagers,,Infantry,Light,l,4,1,Battalions,25,Unpainted,u,27th Dutch Jagers,177
Swedish,IV Corps,HRH William Prince of Orange,8th Division (1st Dutch),L.G. Perponcher,15th Brigade,M.G. Bijlandt,7th Belgian Batt.,,Infantry,Heavy,h,3,1,Battalions,34,Painted,p,7th Belgian Batt.,178
Swedish,IV Corps,HRH William Prince of Orange,8th Division (1st Dutch),L.G. Perponcher,15th Brigade,M.G. Bijlandt,5th Dutch Militia,,Infantry,Heavy,h,2,1,Battalions,22,Painted,p,5th Dutch Militia,179
Swedish,IV Corps,HRH William Prince of Orange,8th Division (1st Dutch),L.G. Perponcher,15th Brigade,M.G. Bijlandt,Dutch Foot Battery #1,12s,Artillery,,,4,4,Guns,12,Substitute,s,Dutch Foot Battery #1 (12s),180
Swedish,IV Corps,HRH William Prince of Orange,8th Division (1st Dutch),L.G. Perponcher,16th Brigade,M.G. the Prince of Saxe-Weimar,Orange Nassau Regt.,,Infantry,Heavy,h,4,2,Battalions,60,Painted,p,Orange Nassau Regt.,182
Swedish,IV Corps,HRH William Prince of Orange,8th Division (1st Dutch),L.G. Perponcher,16th Brigade,M.G. the Prince of Saxe-Weimar,Bergman Jagers,,Infantry,Light,s,4,1,Battalions,13,Painted,p,Bergman Jagers,183
Swedish,IV Corps,HRH William Prince of Orange,8th Division (1st Dutch),L.G. Perponcher,16th Brigade,M.G. the Prince of Saxe-Weimar,8th Dutch Militia,,Infantry,Heavy,h,2,1,Battalions,22,Unpainted,u,8th Dutch Militia,184
Swedish,IV Corps,HRH William Prince of Orange,9th Division (2nd Dutch),L.G. Chasse,17th Brigade,M.G. Detmers,2nd Dutch Batt.,,Infantry,Heavy,h,3,1,Battalions,26,Unpainted,u,2nd Dutch Batt.,190
Swedish,IV Corps,HRH William Prince of Orange,9th Division (2nd Dutch),L.G. Chasse,17th Brigade,M.G. Detmers,12th Dutch Batt.,,Infantry,Heavy,h,3,1,Battalions,34,Painted,p,12th Dutch Batt.,191
Swedish,IV Corps,HRH William Prince of Orange,9th Division (2nd Dutch),L.G. Chasse,17th Brigade,M.G. Detmers,16th Dutch Jagers,Chasseurs,Infantry,Heavy,h,4,1,Battalions,34,Painted,p,16th Dutch Jagers (Chasseurs),192
Swedish,IV Corps,HRH William Prince of Orange,9th Division (2nd Dutch),L.G. Chasse,17th Brigade,M.G. Detmers,6th Dutch Militia,,Infantry,Heavy,h,2,1,Battalions,22,Unpainted,u,6th Dutch Militia,193
Swedish,IV Corps,HRH William Prince of Orange,9th Division (2nd Dutch),L.G. Chasse,17th Brigade,M.G. Detmers,Dutch Foot Battery #2,,Artillery,,,4,4,Guns,9,Painted,p,Dutch Foot Battery #2,194
Swedish,IV Corps,HRH William Prince of Orange,9th Division (2nd Dutch),L.G. Chasse,18th Brigade,M.G. d'Aubreme,3rd Belgian Batt.,,Infantry,Heavy,h,3,1,Battalions,26,Unpainted,u,3rd Belgian Batt.,196
Swedish,IV Corps,HRH William Prince of Orange,9th Division (2nd Dutch),L.G. Chasse,18th Brigade,M.G. d'Aubreme,13th Dutch Batt.,,Infantry,Heavy,h,3,1,Battalions,26,Painted,p,13th Dutch Batt.,197
Swedish,IV Corps,HRH William Prince of Orange,9th Division (2nd Dutch),L.G. Chasse,18th Brigade,M.G. d'Aubreme,36th Belgian Jagers,,Infantry,Light,l,3,1,Battalions,25,Unpainted,u,36th Belgian Jagers,198
Swedish,IV Corps,HRH William Prince of Orange,5th Cavalry Division (Dutch),L.G. Baron J.A. de Collaert,10th Cav. Brigade,M.G. A.D. Trip,2nd Belgian Carabiniers,,Cavalry,Medium,m,4,3,Squadrons,19,Painted,p,2nd Belgian Carabiniers,204
Swedish,IV Corps,HRH William Prince of Orange,5th Cavalry Division (Dutch),L.G. Baron J.A. de Collaert,10th Cav. Brigade,M.G. A.D. Trip,3rd Dutch Carabiniers,,Cavalry,Medium,m,4,3,Squadrons,19,Unpainted,u,3rd Dutch Carabiniers,205
Swedish,IV Corps,HRH William Prince of Orange,5th Cavalry Division (Dutch),L.G. Baron J.A. de Collaert,11th Cav. Brigade,M.G. J.B. Van Merlen,4th Dutch Lt. Dragoons,,Cavalry,Light,l,3,3,Squadrons,19,Unpainted,u,4th Dutch Lt. Dragoons,207
Swedish,IV Corps,HRH William Prince of Orange,5th Cavalry Division (Dutch),L.G. Baron J.A. de Collaert,11th Cav. Brigade,M.G. J.B. Van Merlen,5th Belgian Lt. Dragoons,,Cavalry,Light,l,3,3,Squadrons,19,Painted,p,5th Belgian Lt. Dragoons,208
Swedish,IV Corps,HRH William Prince of Orange,5th Cavalry Division (Dutch),L.G. Baron J.A. de Collaert,11th Cav. Brigade,M.G. J.B. Van Merlen,Dutch Horse Battery,,Artillery,,,4,3,Guns,7,Painted,p,Dutch Horse Battery,209
US,,,1st Division,M.G. Izard,1st Brigade,B.G. Winfield Scott,9th Regt.,,Infantry,Heavy,h,6,1,Battalions,20,Painted,p,9th Regt.,9
US,,,1st Division,M.G. Izard,1st Brigade,B.G. Winfield Scott,11th Regt.,,Infantry,Heavy,h,6,1,Battalions,20,Painted,p,11th Regt.,10
US,,,1st Division,M.G. Izard,1st Brigade,B.G. Winfield Scott,22nd Regt.,,Infantry,Heavy,h,6,1,Battalions,20,Painted,p,22nd Regt.,11
US,,,1st Division,M.G. Izard,1st Brigade,B.G. Winfield Scott,25th Regt.,,Infantry,Heavy,h,6,1,Battalions,20,Painted,p,25th Regt.,12
US,,,1st Division,M.G. Izard,2nd Brigade,B.G. Ripley,1st Regt.,,Infantry,Heavy,h,4,1,Battalions,11,Painted,p,1st Regt.,14
US,,,1st Division,M.G. Izard,2nd Brigade,B.G. Ripley,21st Regt.,,Infantry,Heavy,h,4,1,Battalions,29,Painted,p,21st Regt.,15
US,,,1st Division,M.G. Izard,2nd Brigade,B.G. Ripley,23rd Regt.,,Infantry,Heavy,h,4,1,Battalions,24,Painted,p,23rd Regt.,16
US,,,1st Division,M.G. Izard,3rd Brigade,B.G. Foster,PA Volunteer Rifles,,Infantry,Light,r,2,0.5,Battalions,8,Painted,p,PA Volunteer Rifles,18
US,,,1st Division,M.G. Izard,3rd Brigade,B.G. Foster,113th PA,,Infantry,Heavy,h,2,1,Battalions,18,Painted,p,113th PA,19
US,,,1st Division,M.G. Izard,3rd Brigade,B.G. Foster,5th PA,,Infantry,Heavy,h,2,1,Battalions,17,Painted,p,5th PA,20
US,,,1st Division,M.G. Izard,3rd Brigade,B.G. Foster,Pittsburgh Blues,,Infantry,Light,r,4,0.5,Battalions,7,Painted,p,Pittsburgh Blues,21
US,,,1st Division,M.G. Izard,Cavalry,,1st Dragoons,,Cavalry,Light,l,5,4,Squadrons,25,Painted,p,1st Dragoons,23
US,,,1st Division,M.G. Izard,Cavalry,,Battery A,,Artillery,,,4,4,Guns,12,Painted,p,Battery A,24
US,,,2nd Division,M.G. Brown,4th Brigade,B.G. Macomb,4th Regt.,,Infantry,Heavy,h,5,1,Battalions,26,Painted,p,4th Regt.,31
US,,,2nd Division,M.G. Brown,4th Brigade,B.G. Macomb,19th Regt.,,Infantry,Heavy,h,3,1,Battalions,26,Painted,p,19th Regt.,32
US,,,2nd Division,M.G. Brown,4th Brigade,B.G. Macomb,1st Rifles,,Infantry,Light,r,5,1,Battalions,25,Painted,p,1st Rifles,33
US,,,2nd Division,M.G. Brown,4th Brigade,B.G. Macomb,Beales Volunteer Rifles,,Infantry,Light,r,3,1,Battalions,13,Painted,p,Beales Volunteer Rifles,34
US,,,2nd Division,M.G. Brown,5th Brigade,B.G. Wright,3rd Rifles,,Infantry,Light,r,5,0.5,Battalions,6,Painted,p,3rd Rifles,36
US,,,2nd Division,M.G. Brown,5th Brigade,B.G. Wright,Marines,,Infantry,Heavy,h,6,1,Battalions,23,Painted,p,Marines,37
US,,,2nd Division,M.G. Brown,5th Brigade,B.G. Wright,MD 5th Volunteers,,Infantry,Heavy,h,3,1,Battalions,19,Painted,p,MD 5th Volunteers,38
US,,,2nd Division,M.G. Brown,5th Brigade,B.G. Wright,MD 27th Militia,,Infantry,Heavy,h,2,1,Battalions,13,Painted,p,MD 27th Militia,39
US,,,2nd Division,M.G. Brown,5th Brigade,B.G. Wright,MD Rifles,,Infantry,Light,r,2,0.5,Battalions,8,Painted,p,MD Rifles,40
US,,,2nd Division,M.G. Brown,6th Brigade,B.G. Cass,TN Militia,,Infantry,Light,r,1,1,Battalions,39,Painted,p,TN Militia,42
US,,,2nd Division,M.G. Brown,6th Brigade,B.G. Cass,Militia Rifles,,Infantry,Light,r,2,1,Battalions,20,Painted,p,Militia Rifles,43
US,,,2nd Division,M.G. Brown,Cavalry,,Kentucky Mounted Rifles,,Cavalry,Light,r,3,4,Squadrons,21,Painted,p,Kentucky Mounted Rifles,45
US,,,2nd Division,M.G. Brown,Cavalry,,Alexandria Dragoons,,Cavalry,Light,l,3,3,Squadrons,13,Painted,p,Alexandria Dragoons,46
US,,,2nd Division,M.G. Brown,Cavalry,,Battery B,,Artillery,,,4,4,Guns,12,Painted,p,Battery B,47
US,,,NY Militia Division,M.G. Mooers,1st NY Militia Brigade,B.G. Porter,6th NY Militia,,Infantry,Heavy,h,2,1,Battalions,17,Painted,p,6th NY Militia,56
US,,,NY Militia Division,M.G. Mooers,1st NY Militia Brigade,B.G. Porter,18th NY Militia,,Infantry,Heavy,h,2,1,Battalions,17,Painted,p,18th NY Militia,57
US,,,NY Militia Division,M.G. Mooers,1st NY Militia Brigade,B.G. Porter,NY Volunteers,,Infantry,Light,s,3,1,Battalions,17,Painted,p,NY Volunteers,58
US,,,NY Militia Division,M.G. Mooers,2nd NY Militia Brigade,B.G. Dodge,19th NY Militia,,Infantry,Heavy,h,3,1,Battalions,14,Painted,p,19th NY Militia,60
US,,,NY Militia Division,M.G. Mooers,2nd NY Militia Brigade,B.G. Dodge,15th NY Militia,,Infantry,Heavy,h,2,1,Battalions,18,Painted,p,15th NY Militia,61
US,,,NY Militia Division,M.G. Mooers,2nd NY Militia Brigade,B.G. Dodge,NY Rifle Corps,,Infantry,Light,r,4,1,Battalions,13,Painted,p,NY Rifle Corps,62
US,,,NY Militia Division,M.G. Mooers,Cavalry,,NY Dragoons,,Cavalry,Light,l,2,2,Squadrons,9,Painted,p,NY Dragoons,64
US,,,NY Militia Division,M.G. Mooers,Cavalry,,Battery,,Artillery,,,3,4,Guns,12,Painted,p,Battery,65
